title,base_name,ownership_tag,owner_name,url_type,url,resolved_base_token,access_status,table_count,update_time_iso,create_time_iso,last_open_time_iso,search_sources,tables,access_error
CP135-DOE （学员&教练）,CP135-DOE （学员&教练）  ,owned by Dcode,Dcode Sdn Bhd,base,https://zsggz2p1btda.sg.larksuite.com/base/PhYnbXigRaHMHCsqXWwleXlagZd,PhYnbXigRaHMHCsqXWwleXlagZd,readable,32,2026-05-28T21:21:45+08:00,2026-03-15T07:49:46+08:00,2026-05-26T15:48:11+08:00,keyword_DOE,🔥135-事业挑战; Dcode资料库; 135个人资料; ✅135-高二工作坊DOE宣告（开班前）; ✅B5.2-【周计划表】; ✅C1-135--教练-SUMMARY DOE; ✅C2-135-教练- SUMMARY DOE Form; ✅A0-133高一-10天宣告; ✅A1-133高一学员DOE挑战宣告; ✅A1-133高一学员DOE挑战宣告 副本; ✅A2-133高一学员DOE挑战宣告 Form; 135【分数机制】; 135_Summary 分数机制; 135.3-分数计算【Buddy+战队】; 135.2-分数计算【个人】; 感召Form; 感召（个人）; ✅B1.1_135 【DOE数据】; ✅B2.2_135【DOE填or修改数据】; ✅B3.1-【海星名单or位置】; ✅B3.2 【137 进阶进度】; ✅B4.1_【每日宣告 or 每日总结】; ✅B5.1-【周计划表】; 🔅【事业_1】个人每周事业数据 (NEW); 分数标准; 01-ABC教练Grade; 01-ABC教练Grade 副本; 02-学员DOE ABC; 02.1-团队; 03-录音【copy】; ✅✅135-WHOLE-MASTERLIST【基础-高四】; 团队进阶高阶二守则后,
CP136-DOE （学员&教练）,CP136-DOE （学员&教练）  ,owned by Dcode,Dcode Sdn Bhd,base,https://zsggz2p1btda.sg.larksuite.com/base/JS92bpyyCaaDrUskBH7la2kGgQc,JS92bpyyCaaDrUskBH7la2kGgQc,readable,36,2026-05-28T21:17:54+08:00,2026-04-22T08:18:14+08:00,2026-05-26T16:19:20+08:00,keyword_DOE,136-事业挑战; Dcode资料库; 136个人资料; ✅高二工作坊DOE宣告（开班前）; 学员个人结果; ✅B5.2-【周计划表】; ✅C1-136--教练-SUMMARY DOE; ✅C2-136-教练- SUMMARY DOE Form; ✅B5.1-【周计划表】; ✅A0-133高一-10天宣告; ✅A1-133高一学员DOE挑战宣告; ✅A1-133高一学员DOE挑战宣告 副本; ✅A2-133高一学员DOE挑战宣告 Form; 【分数机制】; 135_Summary 分数机制; 135.3-分数计算【Buddy+战队】; 135.2-分数计算【个人】; 感召Form; 感召（个人）; ✅B1.1_【DOE数据】; ✅B2.2_【DOE填or修改数据】; ✅B3.1-【海星名单or位置】; ✅B3.2【137进阶进度】; call 确认当班; ✅B4.1_【每日宣告 or 每日总结】; 🔅【事业】个人每周事业数据 (NEW); 数据表; 01-ABC教练Grade; 02-学员DOE ABC _1; 02.1-团队数字_1; 03-录音【copy】; ✅✅136-WHOLE-MASTERLIST【基础-高四】; ✅✅136-WHOLE-MASTERLIST【基础-高四】1; ✅✅135-WHOLE-MASTERLIST【基础-高四】; 团队进阶高阶二守则后; 数据表 2,
CP137-DOE 【学员&教练】,CP137-DOE 【学员&教练】,owned by Dcode,Dcode Sdn Bhd,base,https://zsggz2p1btda.sg.larksuite.com/base/AlKxbd35laCJlQsAZF2lUvp3gvg,AlKxbd35laCJlQsAZF2lUvp3gvg,readable,34,2026-05-28T20:49:29+08:00,2026-05-18T07:59:31+08:00,1970-01-01T07:30:00+07:30,keyword_DOE,事业挑战; 137蓝图; Dcode资料库+137蓝图; 【137高阶二DOE宣告】_ 137; ✅137-高二工作坊DOE宣告（开班前）; ✅B5.2-【周计划表】; ✅C1---教练-SUMMARY DOE; ✅C2-教练- SUMMARY DOE Form; 学员名单表; ✅A0-高一-10天宣告; ✅A1-高一学员DOE挑战宣告; ✅A2-高一学员DOE结果; 135【分数机制】; 135_Summary 分数机制; 135.3-分数计算【Buddy+战队】; 135.2-分数计算【个人】; 感召Form; 感召（个人）; ✅B1.1_【DOE数据】; ✅B2.2_【DOE填or修改数据】; ✅B3.1-【基础海星名单or位置】; ✅B4.1_【每日宣告 or 每日总结】; ✅B5.1-【周计划表】; 🔅【事业_1】个人每周事业数据 (NEW); 分数标准; ✅教练名单（中心）; 01-ABC教练Grade; 02-学员DOE ABC; 02.1-团队; 03-录音【copy】; ✅✅137-WHOLE-MASTERLIST【基础-高四】; 团队进阶高阶二守则后; ✅A0-高一-10天宣告1; 数据表,
客服 Backlog,客服 Backlog,owned by AGA Tech Support,AGA TECH SUPPORT,base,https://zsggz2p1btda.sg.larksuite.com/base/V6SSbZXH2alyQhs5Rv4lD006gKf,V6SSbZXH2alyQhs5Rv4lD006gKf,readable,5,2026-05-28T18:38:36+08:00,2026-03-23T23:55:13+08:00,2026-05-26T15:44:57+08:00,"keyword_Backlog, owned_by_me",KLCP136 客服Summary - 136 Bible; KLCP137 客服Summary - 136 Bible; ✅✅136教练-NEWBIBLE_（Dcode); ✅✅136学员-NEWBIBLE_（Dcode); ✅.Dcode海星_基础Whole Bible,
D.136 Class Bible. (admin dcode),D.136 Class Bible. (admin dcode)    ,owned by Dcode,Dcode Sdn Bhd,base,https://zsggz2p1btda.sg.larksuite.com/base/GGPiba6WEaG1hCsrpJIlJO3bgDb,GGPiba6WEaG1hCsrpJIlJO3bgDb,readable,26,2026-05-28T17:44:34+08:00,2026-03-22T22:30:45+08:00,2026-05-26T15:44:53+08:00,"keyword_Class_Bible, keyword_Dcode",✅✅136学员-NEWBIBLE_（Dcode); 总结合; Grade ABC【EMO】; Grade ABC【教练填】; ✅教练名单（中心）; ✅✅136教练-NEWBIBLE_（Dcode); ✅课程报名; ✅✅136-WHOLE-MASTERLIST【基础-高四】; ✅✅136-旧Backlog【基础-高四】; ✅✅136-【神奇宝宝】WHOLE-MASTERLIST【基础-高四】; ✅135-【旧Backlog进现行】WHOLE-MASTERLIST 高阶一Bible.; 🖊️🖊️136-基础FINAL MASTERLIST; 🖊️🖊️136-【基础守则离开】FINAL MASTERLIST.; 🖊️🖊️136-【基础Backlog】FINAL MASTERLIST.; 🖊️-136-高阶一-【高阶一Backlog】Final Masterlist.; 🖊️-136-高阶一-FINAL MASTERLIST; 🖊️-136-高阶一-【守则后离开】Final Masterlist.; ✅A0-136_高一-10天宣告; ✅A0-136高一-10天宣告; 高阶二2Call; 【高二】事业成就表; ✅高二工作坊DOE宣告（开班前）; ✅135-高二工作坊DOE宣告（开班前）; 🖊️-136-高阶二-Final Masterlist.; 🖊️-136-高阶二-【高阶二Backlog】Bible; 🔥-学员海星个人结果,
D.137 Class Bible. (admin dcode),D.137 Class Bible. (admin dcode) ,owned by Dcode,Dcode Sdn Bhd,base,https://zsggz2p1btda.sg.larksuite.com/base/EuSDbyrP9aI05asV0gPlwYOHgpf,EuSDbyrP9aI05asV0gPlwYOHgpf,readable,28,2026-05-28T16:02:09+08:00,2026-05-02T16:44:48+08:00,1970-01-01T07:30:00+07:30,"keyword_Class_Bible, keyword_Dcode",✅✅137学员-NEWBIBLE_（Dcode); 总结合; Grade ABC【EMO】; Grade ABC【教练填】; ✅教练名单（中心）; ✅✅137教练-NEWBIBLE_（Dcode); ✅课程报名; ✅✅137-WHOLE-MASTERLIST【基础-高四】; 高阶二报到; ✅✅137-旧Backlog【基础-高四】; ✅✅137-【神奇宝宝】WHOLE-MASTERLIST【基础-高四】; ✅137-【旧Backlog进现行】WHOLE-MASTERLIST 高阶一Bible.; 🖊️🖊️137-基础FINAL MASTERLIST; 🖊️🖊️137-【基础守则离开】FINAL MASTERLIST.; 🖊️🖊️137-【基础Backlog】FINAL MASTERLIST.; 🖊️137-高阶一-【高阶一Backlog】Final Masterlist.; 🖊️137-高阶一-FINAL MASTERLIST; 🖊️137-高阶一-【守则后离开】Final Masterlist.; ✅A0-高一-10天宣告; 🖊️-137-高阶二-【高阶二Backlog】Bible; 【高二】事业成就表; 【高二】事业成就表 137; ✅高二工作坊DOE宣告（开班前）; 【137高阶二DOE宣告】_ 137; ✅135-高二工作坊DOE宣告（开班前）; 🔥-学员海星个人结果; 🖊️-135-高阶二-Final Masterlist.; 数据表,
135 Class Bible. (admin dcode),135 Class Bible. (admin dcode)   ,owned by Dcode,Dcode Sdn Bhd,base,https://zsggz2p1btda.sg.larksuite.com/base/Zd8abS0C3agSNnsNHpKlNoXOg7d,Zd8abS0C3agSNnsNHpKlNoXOg7d,readable,33,2026-05-28T12:53:02+08:00,2026-01-28T16:24:37+08:00,2026-05-26T15:45:22+08:00,"keyword_Class_Bible, keyword_Dcode",✅✅135学员-NEWBIBLE_（Dcode); 总结合; Grade ABC【EMO】; Grade ABC【教练填】; ✅教练名单（中心）; ✅✅135教练-NEWBIBLE_（Dcode); ✅课程报名; ✅✅135-WHOLE-MASTERLIST【基础-高四】; 数据表; ✅✅135-【神奇宝宝】-WHOLE-MASTERLIST【基础-高四】; 💰💰💰135-Acc-WHOLE-MASTERLIST【基础-高四】; ✅135-【旧Backlog进现行】WHOLE-MASTERLIST【Backlog进现行，一，二】高阶一bible; 🖊️🖊️135-基础FINAL MASTERLIST; 🖊️🖊️135-【基础守则离开】FINAL MASTERLIST; 🖊️🖊️135-【基础Backlog】FINAL MASTERLIST; 🖊️-135-高阶一-【高阶一Backlog】Final Masterlist; 🖊️-135-高阶一-FINAL MASTERLIST ; 🖊️-135-高阶一-【守则后离开】Final Masterlist; ✅A0-135高一-10天宣告; 📞海星名单-学员 (KLCP128); 📞海星名单-教练 (KLCP128)1; 💲海星名单-教练 (KLCP128); 💲海星名单-学员 (KLCP128); ✅基础BackLog; ✅高阶下车; ✅高阶Backlog; 高阶二2Call; 【高二】事业成就表; ✅135-高二工作坊DOE宣告（开班前）; 🖊️-135-高阶二-Final Masterlist; 🖊️-135-高阶二-【高阶二Backlog】Bible; 🔥-学员海星个人结果; ✅A0-135高一-10天宣告1,
旧的版本CP137-DOE （学员&教练）,旧的版本CP137-DOE （学员&教练）   ,owned by Dcode,Dcode Sdn Bhd,base,https://zsggz2p1btda.sg.larksuite.com/base/NZ83bt1qma8tLLsdUPhlVtcSg3b,NZ83bt1qma8tLLsdUPhlVtcSg3b,readable,21,2026-05-28T12:17:08+08:00,2025-12-16T15:03:02+08:00,2026-05-26T15:49:23+08:00,keyword_DOE,✅137-高二工作坊DOE宣告（开班前）; 🔥137-事业挑战; 137蓝图; ✅C1-137-教练-SUMMARY DOE; ✅C2-137-教练- SUMMARY DOE Form; ✅A0-137高一-10天宣告; ✅A1-137高一学员DOE挑战宣告; ✅A2-137高一学员DOE挑战宣告 Form; 🔅137_【事业】每周检测; ✅B1.1_137个人Summary DOE数据表（中心）; ✅B2.0_137每日DOE_事业&家庭&社服Form（修改数据）; ✅B3.1(中）海星报读名单-学员 (132 bible)——; ✅B3.1(后）海星进课室（132Bible); ✅B4.1.2_每日宣告（早上）; 🔅137个人每周家庭数据 (NEW); ✅教练名单（中心）; 🔥137_教练DOE（遴选宣告）; 🔥137_1教练 Result Summary Table; ✔137_2-教练每日结果 - 汇报FORM; ⭐137_4_1教练书面总结&宣告 - FORM; 🔅137_【事业】教练遴选_每周检测,
CP133-DOE （学员&教练）,CP133-DOE （学员&教练） ,owned by Dcode,Dcode Sdn Bhd,base,https://zsggz2p1btda.sg.larksuite.com/base/RZ1tbEuUIaEffPsTx9plXZerg3g,RZ1tbEuUIaEffPsTx9plXZerg3g,readable,24,2026-05-25T12:10:03+08:00,2025-12-16T14:50:29+08:00,2026-04-27T20:25:05+08:00,keyword_DOE,🔥133-事业挑战; Dcode资料库; 133个人资料; ✅C1-133--教练-SUMMARY DOE; ✅C2-133-教练- SUMMARY DOE Form; ✅133-高二工作坊DOE宣告（开班前）; B006.0_129每周计划 （每周）; ✅A0-133高一-10天宣告; ✅A1-133高一学员DOE挑战宣告; ✅A1-133高一学员DOE挑战宣告 副本; ✅A2-133高一学员DOE挑战宣告 Form; 感召金Form; 感召金（个人）; ✅B1.1_133个人Summary DOE数据表（中心）; ✅B2.2_133每日DOE_事业&家庭&社服Form（修改数据）; ✅✅B4.2_每日宣告&总结（早上晚上）; ✅B3.1(中）海星报读名单-学员 (133 bible)——; 🔅133个人每周事业数据 (NEW); 🔅133个人每周家庭数据 (NEW); 133周计划; ✅B4.1_每日宣告&总结（早上晚上）; 学员Grade ABC; 团队; 团队进阶高阶二守则后,
131-DOE （学员）,131-DOE （学员） ,owned by Dcode,Dcode Sdn Bhd,base,https://zsggz2p1btda.sg.larksuite.com/base/MnxpbEYoeaR6SwswtDflTptSgTg,MnxpbEYoeaR6SwswtDflTptSgTg,readable,17,2026-05-18T20:21:06+08:00,2025-10-11T07:31:06+08:00,2025-12-08T14:04:58+08:00,keyword_DOE,感召金_; 个人每日宣告总结Summary (NEW); ✅B4.0_每日宣告（早上）; ✅B5.0_每日总结（晚上）; 131资料库; ✅B1.1_131个人Summary DOE数据表（中心）; 欣赏131特质; ✅B2.0_131每日DOE_事业&家庭&社服Form（修改数据）; ✅B3.1(中）海星报读名单-学员 (131 bible); ✅B3.1(后）海星进课室（131Bible); ✅131高二工作坊DOE宣告（开班前）; 131学员的个人资料; 131个人每周事业数据 (NEW); 131个人每周家庭数据 (NEW); 131感召金个人; B006.0_129每周计划 （每周）; MYCP5 MASTERLIST,
团队进阶,团队进阶,owned by Dcode,Dcode Sdn Bhd,base,https://zsggz2p1btda.sg.larksuite.com/base/BWThbrBVTafa26sM2WelD3Flggc,BWThbrBVTafa26sM2WelD3Flggc,readable,1,2026-05-12T12:29:31+08:00,2026-04-21T18:05:06+08:00,1970-01-01T07:30:00+07:30,"keyword_Call_Center, keyword_Dcode, keyword_Finance, keyword_Operation",团队进阶高阶二守则后,
133 Class Bible (admin dcode),133 Class Bible (admin dcode),owned by Dcode,Dcode Sdn Bhd,base,https://zsggz2p1btda.sg.larksuite.com/base/HgQgbfusTawotLsd80el5GSUguc,HgQgbfusTawotLsd80el5GSUguc,readable,19,2026-05-12T11:14:59+08:00,2025-10-29T08:34:48+08:00,2026-04-27T20:25:04+08:00,"keyword_Class_Bible, keyword_Dcode",✅教练名单（中心）; ✅✅133教练-NEWBIBLE; ✅课程报名; ✅✅133学员-NEWBIBLE; 数据表; ✅✅133; ✅✅133学员-MYCP Bible 报读; ✅✅133-WHOLE-MASTERLIST; ✅133-基础-FINAL MASTERLIST; ✅133-高一FINAL MASTERLIST; 📞海星名单-学员 (KLCP128); 📞海星名单-教练 (KLCP128)1; 💲海星名单-教练 (KLCP128); 💲海星名单-学员 (KLCP128); ✅基础BackLog; ✅高阶下车; ✅高阶Backlog; ✅133-高二FINAL MASTERLIST; ✅133Emo报名,
133-DOE （教练）,133-DOE （教练）,owned by AGA Tech Support,AGA TECH SUPPORT,wiki,https://zsggz2p1btda.sg.larksuite.com/wiki/LaqawSCuyifWP5k8RqxltbOKgmd,FktOb9NnfaqZI7sOOdxlBTaTg1b,readable,19,2026-05-06T13:46:57+08:00,2025-08-03T19:00:29+08:00,2025-08-20T15:56:24+08:00,"keyword_DOE, owned_by_me",✅130教练名单; ✅130学员名单; 🔥133_01教练DOE挑战Summary （遴选）; 🔥133_02教练Form宣告; ⭐133_教练12-4月事业家庭宣告; ⭐133_002教练Form宣告; ✅130教练-EMOFORM; ✅130教练-NEWBIBLE; ✅130-教练-SUMMARY DOE; ✅130-教练- SUMMARY DOE Form; ✅130高一学员DOE挑战宣告; ✅130高一学员DOE挑战宣告 Form; ✅130高二工作坊DOE宣告（开班前）; ✅130-学员-SUMMARY DOE; ✅130-学员- SUMMARY DOE Form; ✅130-学员-EMO报名FORM; ✅130-学员-NEWBIBLE（学员海星名单-中心）; 高二挑战（NEW）; 129TZ事业,
Dcode Backlog,Dcode Backlog,owned by Dcode,Dcode Sdn Bhd,base,https://zsggz2p1btda.sg.larksuite.com/base/C87nb9eQtaa2M7smtG8lpYRogRh,C87nb9eQtaa2M7smtG8lpYRogRh,readable,18,2026-04-22T20:45:23+08:00,2026-02-20T08:29:59+08:00,2026-04-02T12:09:22+08:00,"keyword_Backlog, keyword_Dcode",test; H.Dcode海星_基础Whole Bible 副本; ✅.Dcode海星_基础Whole Bible; ✅.Dcode海星_基础-已进课室; ✅.Dcode海星_基础-已消耗; ✅课程报名; ✅Dcode高阶一 Backlog-Whole Bible.; ✅Dcode高阶一 已进课室; ✅Dcode高阶一 已消耗+转款.; ✅Dcode高阶一 健康不通过.; ✅Dcode高阶一 离开名单; ✅Dcode【基础【JCP-Bible】; ✅Dcode【基础JCP-已经课室】; ✅Dcode【基础JCP-已消耗】; ✅.Dcode高阶二 Backlog-Whole Bible; ✅.Dcode高阶二-下车名单; ✅.Dcode高阶二-已消耗; ✅.Dcode高阶二-已经课室,
不用旧版本-KLCP136-DOE （学员&教练）,不用旧版本-KLCP136-DOE （学员&教练） ,owned by Dcode,Dcode Sdn Bhd,base,https://zsggz2p1btda.sg.larksuite.com/base/BqefbwbPPa5OsPs6zZglCtm4g9b,BqefbwbPPa5OsPs6zZglCtm4g9b,readable,21,2026-04-18T22:07:47+08:00,2026-01-10T13:10:05+08:00,1970-01-01T07:30:00+07:30,keyword_DOE,✅136_-高二工作坊DOE宣告（开班前）; 🔥136_-事业挑战; Dcode 资料库; ✅C1-136_-教练-SUMMARY DOE; ✅C2-136_-教练- SUMMARY DOE Form; B006.0_129每周计划 （每周）; ✅A0-136_高一-10天宣告; ✅A1-136_高一学员DOE挑战宣告; ✅A2-136_高一学员DOE挑战宣告 Form; 🔅136个人每周事业数据 (NEW); ✅B1.1_137个人Summary DOE数据表（中心）; ✅B2.0_137每日DOE_事业&家庭&社服Form（修改数据）; ✅B3.1(中）海星报读名单-学员 (132 bible)——; ✅B3.1(后）海星进课室（132Bible); ✅B4.1.2_每日宣告（早上）; 🔅136个人每周家庭数据 (NEW); MYCP Bible; 🔥136_01教练DOE挑战Summary （遴选）; ⭐⭐136_002教练Form【填结果】; ✔136_4-每日宣告&总结（早上晚上）; ⭐136_002教练Form【填结果】,
Call Center （Dcode),Call Center （Dcode),owned by Dcode,Dcode Sdn Bhd,base,https://zsggz2p1btda.sg.larksuite.com/base/UzEcb657ZaUnumsm5g1lurAWgkb,UzEcb657ZaUnumsm5g1lurAWgkb,readable,13,2026-04-16T17:08:39+08:00,2025-10-29T08:37:39+08:00,1970-01-01T07:30:00+07:30,"keyword_Call_Center, keyword_Dcode",✅EMO FORM - 学员; ✅EMO FORM - 教练; ✅基础问卷; ✅高阶问卷; 海星名单-学员(KLCP120); 海星名单-教练(KLCP120); ✅128-教练-NEWBIBLE; ✅128-学员-NEWBIBLE; ✅129-教练-NEWBIBLE; ✅129-学员-NEWBIBLE; 海星名单-教练 (KLCP127); 海星名单-学员 (KLCP127); 数据表,
CP132-DOE （教练）,CP132-DOE （教练） ,owned by Dcode,Dcode Sdn Bhd,base,https://zsggz2p1btda.sg.larksuite.com/base/YXe1bLk9CalgCfsQOXOlLisHgod,YXe1bLk9CalgCfsQOXOlLisHgod,readable,18,2026-04-16T14:49:32+08:00,2025-11-18T13:18:25+08:00,1970-01-01T07:30:00+07:30,keyword_DOE,✅131教练名单; ✅B1-132--教练-SUMMARY DOE; ✅B2-132-教练- SUMMARY DOE Form; 🔥指引部门录音; 🔥01-教练Grade（Main); 🔥团队毕业证等级; ✅132教练-EMOFORM; ✅132教练-NEWBIBLE; ✅132高一学员DOE挑战宣告; ✅132高一学员DOE挑战宣告 Form; 🔥现行教练学员录音; 132学员资料; ✅132高二工作坊DOE宣告（开班前）; ✅B.1-132-学员-SUMMARY DOE; ✅132-学员- SUMMARY DOE Form; ✅132学员-EMO报名FORM; ✅132-学员-NEWBIBLE（学员海星名单-中心）; 132TZ事业,
CP132-DOE （学员）,CP132-DOE （学员）  ,owned by Dcode,Dcode Sdn Bhd,base,https://zsggz2p1btda.sg.larksuite.com/base/VXp9bWOoIa9OmbsmMprlRUkJgZf,VXp9bWOoIa9OmbsmMprlRUkJgZf,readable,16,2026-04-15T18:27:41+08:00,2025-11-24T09:24:17+08:00,1970-01-01T07:30:00+07:30,keyword_DOE,学员挑战海星个人完成; 132事业挑战; ✅B4.0_每日宣告（早上）; ✅B5.0_每日总结（晚上）; 132个人每周家庭数据 (NEW); ✅C1-132--教练-SUMMARY DOE; ✅C2-132-教练- SUMMARY DOE Form; B006.0_129每周计划 （每周）; 132个人每周事业数据 (NEW); ✅B1.1_132个人Summary DOE数据表（中心）; ✅B2.0_132每日DOE_事业&家庭&社服Form（修改数据）; ✅B3.1(中）海星报读名单-学员 (132 bible)——; ✅B3.1(后）海星进课室（132Bible); ✅132高二工作坊DOE宣告（开班前）; MYCP5 MASTERLIST; ✅B4.1.2_每日宣告（早上）,
Dcode Class Bible (NEW),Dcode Class Bible (NEW),owned by AGA Tech Support,AGA TECH SUPPORT,base,https://zsggz2p1btda.sg.larksuite.com/base/RXedblJx8a3dkssOyRhlX0xZgEM,RXedblJx8a3dkssOyRhlX0xZgEM,readable,3,2026-04-13T15:05:54+08:00,2026-04-12T19:28:42+08:00,2026-05-26T15:52:08+08:00,"keyword_Class_Bible, keyword_Dcode, owned_by_me",✅✅学员-NEWBIBLE_（Dcode); ✅✅教练-NEWBIBLE_（Dcode); ✅✅WHOLE-MASTERLIST【基础-高四】,
Dcode Sdn Bhd,Dcode Sdn Bhd,owned by AGA Tech Support,AGA TECH SUPPORT,app,https://zsggz2p1btda.sg.larksuite.com/app/HyxAbrOGna0O83sAosOlwfbfgDM,HyxAbrOGna0O83sAosOlwfbfgDM,readable,0,2026-04-13T02:48:36+08:00,2025-12-07T14:02:01+08:00,2026-05-26T15:45:18+08:00,"keyword_Dcode, owned_by_me",,
132 Class Bible (admin dcode),132 Class Bible (admin dcode) ,owned by Dcode,Dcode Sdn Bhd,base,https://zsggz2p1btda.sg.larksuite.com/base/BhzEbw2BvaQBsmsfGIxlu75Xgag,BhzEbw2BvaQBsmsfGIxlu75Xgag,readable,20,2026-04-08T19:31:41+08:00,2025-10-21T21:16:49+08:00,1970-01-01T07:30:00+07:30,"keyword_Class_Bible, keyword_Dcode",✅教练名单（中心）; ✅✅132教练-NEWBIBLE; ✅课程报名; Happy-132学员-NEWBIBLE; ✅✅132学员-NEWBIBLE; ✅✅132学员-MYCP Bible 报读; ✅✅132-WHOLE-MASTERLIST; ✅✅132高阶二-WHOLE-MASTERLIST; 指引部门汇报Log; ✅131-基础-FINAL MASTERLIST; ✅131-高一FINAL MASTERLIST; 📞海星名单-学员 (KLCP128); 📞海星名单-教练 (KLCP128)1; 💲海星名单-教练 (KLCP128); 💲海星名单-学员 (KLCP128); ✅基础BackLog; ✅高阶下车; ✅高阶Backlog; ✅131-高二FINAL MASTERLIST; ✅131Emo报名,
Call Center （Dcode) 副本,Call Center （Dcode) 副本,owned by Dcode,Dcode Sdn Bhd,base,https://zsggz2p1btda.sg.larksuite.com/base/FpTubI6WnaTI7MsysOQl5pWRg9c,FpTubI6WnaTI7MsysOQl5pWRg9c,readable,13,2026-04-03T17:33:58+08:00,2026-04-02T09:36:36+08:00,1970-01-01T07:30:00+07:30,"keyword_Call_Center, keyword_Dcode",✅EMO FORM - 学员; ✅EMO FORM - 教练; ✅基础问卷; ✅高阶问卷; 海星名单-学员(KLCP120); 海星名单-教练(KLCP120); ✅128-教练-NEWBIBLE; ✅128-学员-NEWBIBLE; ✅129-教练-NEWBIBLE; ✅129-学员-NEWBIBLE; 海星名单-教练 (KLCP127); 海星名单-学员 (KLCP127); 数据表,
Dcode Sdn Bhd Portal,Dcode Sdn Bhd Portal,owned by AGA Tech Support,AGA TECH SUPPORT,base,https://zsggz2p1btda.sg.larksuite.com/base/KZfGbYq0QaQ4sJsKiCLl4i3igWb,KZfGbYq0QaQ4sJsKiCLl4i3igWb,readable,11,2026-03-24T00:24:11+08:00,2025-06-05T18:39:38+08:00,2026-05-28T18:50:05+08:00,"keyword_Dcode, keyword_Portal, owned_by_me",System List; Table List; Milestones List; Enquiry List; Clarification List; Meeting List; Module List; Flow List; Automation List; Dashboard List; AI List,
138 Class Bible (admin dcode),138 Class Bible (admin dcode),owned by Dcode,Dcode Sdn Bhd,base,https://zsggz2p1btda.sg.larksuite.com/base/FnDObKXysaVFqssVRxTlXXmfgAh,FnDObKXysaVFqssVRxTlXXmfgAh,readable,17,2026-03-20T00:13:16+08:00,2026-02-08T09:22:41+08:00,1970-01-01T07:30:00+07:30,"keyword_Class_Bible, keyword_Dcode",✅教练名单（中心）; ✅✅138教练-NEWBIBLE; ✅课程报名; ✅✅138学员-NEWBIBLE; ✅✅138学员-MYCP Bible 报读; ✅✅138-WHOLE-MASTERLIST; ✅✅138-高阶二-WHOLE-MASTERLIST; ✅131-基础-FINAL MASTERLIST; ✅131-高一FINAL MASTERLIST; 📞海星名单-学员 (KLCP128); 📞海星名单-教练 (KLCP128)1; 💲海星名单-教练 (KLCP128); 💲海星名单-学员 (KLCP128); ✅基础BackLog; ✅高阶下车; ✅高阶Backlog; ✅131-高二FINAL MASTERLIST,
130-DOE （教练）,130-DOE （教练）,owned by Dcode,Dcode Sdn Bhd,wiki,https://zsggz2p1btda.sg.larksuite.com/wiki/YBP8wFtSUiPaW0keQ0ll5bqygVe,IxVlbvbeRajkGosp8LtlvF2BgYf,readable,24,2026-02-28T16:21:28+08:00,2025-07-17T16:49:41+08:00,2025-10-08T01:21:31+08:00,keyword_DOE,学员家访进度表; ✅B1.130-教练-SUMMARY DOE; ✅B2.130-教练- SUMMARY DOE Form; 现行教练学员录音; 🔥01-教练Grade（Main); 🔥团队毕业证等级; ✅130高二工作坊DOE宣告（开班前）; ✅130教练名单; ✅130学员名单; 130_教练DOE挑战Summary （遴选）; 130_教练Form宣告; ✅130教练-EMOFORM; ✅130高一学员DOE挑战宣告（看）; ✅130高一学员DOE挑战宣告 Form（改）; ✅130-学员-SUMMARY DOE; ✅130-学员- SUMMARY DOE Form; ✅130-学员-EMO报名FORM; ✅130-学员-NEWBIBLE（学员海星名单-中心）; 海星数据挑战_数据库; 海星挑战; 130TZ事业; 高二挑战（NEW）; 感召金FORM; 学员个人,
131 Class Bible (admin dcode),131 Class Bible (admin dcode),owned by Dcode,Dcode Sdn Bhd,base,https://zsggz2p1btda.sg.larksuite.com/base/AEVobnC89aFMlbsiuhRlTphIgqf,AEVobnC89aFMlbsiuhRlTphIgqf,readable,17,2026-02-25T23:13:46+08:00,2025-10-18T17:04:33+08:00,2026-04-10T01:44:29+08:00,"keyword_Class_Bible, keyword_Dcode",✅教练名单（中心）; ✅✅131教练-NEWBIBLE; ✅课程报名; ✅✅131学员-NEWBIBLE; ✅✅131学员-MYCP Bible 报读; ✅✅131-WHOLE-MASTERLIST; ✅✅131-高阶二-WHOLE-MASTERLIST; ✅131-基础-FINAL MASTERLIST; ✅131-高一FINAL MASTERLIST; 📞海星名单-学员 (KLCP128); 📞海星名单-教练 (KLCP128)1; 💲海星名单-教练 (KLCP128); 💲海星名单-学员 (KLCP128); ✅基础BackLog; ✅高阶下车; ✅高阶Backlog; ✅131-高二FINAL MASTERLIST,
129-DOE （学员）,129-DOE （学员）,owned by AGA Tech Support,AGA TECH SUPPORT,wiki,https://zsggz2p1btda.sg.larksuite.com/wiki/Ef8cwSYwUi1mxPk4lfflPwh6gGg,SUObboOHQaSHZxsqVOKlyXDfgVg,readable,14,2026-02-13T14:45:46+08:00,2025-07-12T12:18:24+08:00,2026-02-06T23:57:54+08:00,"keyword_DOE, owned_by_me",2308-Mark事业工作坊出席名单; ✅B001.1_129个人Summary DOE数据表（中心）; ✅B002.0_129每日DOE_事业&家庭&社服Form（修改数据）; (前）129学员新报名名单; (后）129已进课室（学员）; ✅129高二现行宣告; ✅B003.0-(前）129海星报名表 (Original); ✅B003.1(中）H.海星名单-学员 (129 bible).; 129_高阶二现行宣告 (从教练数据拉进来）; 周计划; B004.0_每日宣告（早上）（需要修改）; B005.0_每日总结（晚上）（需要修改）; B006.0_129每周计划 （每周）; 数据表,
137 Class Bible. (admin dcode),137 Class Bible. (admin dcode)   ,owned by Dcode,Dcode Sdn Bhd,base,https://zsggz2p1btda.sg.larksuite.com/base/UUalbXCbQapcVfsF5UwltigcgNf,UUalbXCbQapcVfsF5UwltigcgNf,readable,17,2026-02-10T20:07:43+08:00,2026-01-14T07:54:16+08:00,1970-01-01T07:30:00+07:30,"keyword_Class_Bible, keyword_Dcode",✅教练名单（中心）; ✅✅136教练-NEWBIBLE; ✅课程报名; ✅✅136学员-NEWBIBLE; ✅✅136学员-MYCP Bible 报读; ✅✅136-WHOLE-MASTERLIST; ✅136-基础-FINAL MASTERLIST; ✅136-高一FINAL MASTERLIST; 📞海星名单-学员 (KLCP128); 📞海星名单-教练 (KLCP128)1; 💲海星名单-教练 (KLCP128); 💲海星名单-学员 (KLCP128); ✅基础BackLog; ✅高阶下车; ✅高阶Backlog; ✅136-高二FINAL MASTERLIST; ✅136Emo报名,
131-DOE （教练）,131-DOE （教练）,owned by Dcode,Dcode Sdn Bhd,wiki,https://zsggz2p1btda.sg.larksuite.com/wiki/Y6j1wCSyKiRWGikFGmFlulXBg2g,VAbLbDZMOapNTGss7CmloEaXgWh,readable,24,2026-02-09T15:34:26+08:00,2025-08-03T18:57:21+08:00,2025-10-21T18:54:50+08:00,keyword_DOE,✅B1-131--教练-SUMMARY DOE; ✅B2-131-教练- SUMMARY DOE Form; 🔥指引部门录音; 🔥01-教练Grade（Main); 🔥团队毕业证等级; 学员资料; 🔥B001.1-131_教练DOE挑战Summary （遴选）; 🔥B002-131_教练Form宣告; 高阶三_; ✅130教练-EMOFORM; ✅130教练-NEWBIBLE; 🔥现行教练学员录音; ✅131学员名单; ✅131高一学员DOE挑战宣告; ✅131高一学员DOE挑战宣告 Form; ✅131教练名单; ✅131-学员-SUMMARY DOE; ✅131-学员- SUMMARY DOE Form; ✅131-学员-EMO报名FORM; ✅131-学员-NEWBIBLE（学员海星名单-中心）; ✅131高二工作坊DOE宣告（开班前）; 131TZ事业; 感召金_; 131感召金个人,
130-DOE （学员）,130-DOE （学员）,owned by Dcode,Dcode Sdn Bhd,base,https://zsggz2p1btda.sg.larksuite.com/base/Rw1nbSJglanQQnsyl4slq3cugfd,Rw1nbSJglanQQnsyl4slq3cugfd,readable,15,2026-01-29T15:36:46+08:00,2025-08-28T09:49:08+08:00,2026-02-25T23:12:36+08:00,keyword_DOE,130个人每周事业数据 (NEW); ✅B4.0_每日宣告（早上）; ✅B5.0_每日总结（晚上）; 个人每日宣告总结Summary (NEW); ✅高二4天收获分享; 130-事业挑战; ✅B1.1_130个人Summary DOE数据表（中心）; ✅B2.0_130每日DOE_事业&家庭&社服Form（修改数据）; ✅B3.1(中）海星名单-学员 (130 bible); ✅B3.1(后）海星进课室; ✅130高二-现行DOE宣告（开班前）; B006.0_129每周计划 （每周）; ✅B4.0_每日宣告（早上） （旧）; ✅B5.0_每日总结（晚上） （旧）; Table,
MYCP Bible,MYCP Bible,owned by Dcode,Dcode Sdn Bhd,base,https://zsggz2p1btda.sg.larksuite.com/base/FlWbbEIutaJKy6s6XFtlHE4CglF,FlWbbEIutaJKy6s6XFtlHE4CglF,readable,2,2026-01-20T10:17:46+08:00,2025-10-21T20:20:27+08:00,1970-01-01T07:30:00+07:30,"keyword_Dcode, keyword_Finance, keyword_Operation",MYCP5 MASTERLIST; MYCP Bible,
128-DOE （学员）,128-DOE （学员）,owned by Dcode,Dcode Sdn Bhd,base,https://zsggz2p1btda.sg.larksuite.com/base/RdEibn2g8ajEDxskXwPldLfWgZe,RdEibn2g8ajEDxskXwPldLfWgZe,readable,19,2026-01-19T09:00:02+08:00,2025-05-23T13:50:07+08:00,2025-09-03T15:52:50+08:00,keyword_DOE,2008-Mark事业工作坊(出席名单）; ✅B002.128Summary DOE数据表（中心）（团队看数据）; ✅B003.128每日DOE_事业&家庭&社服Form（修改数据）; (新前）128bible（学员）; (新后）128已进课室（学员）; B004-(前）128海星报名表 (Original)（修改）; ✅B005-海星名单（Bible）; 高阶二现行宣告; 学员和教练名字; (中).128Bible_（海星名单）(调整）; 海星挑战; 每日宣告（需要修改）; 每日总结（需要修改）; 128周计划; ✅B004-Emo海星报名Form; (中）H.海星名单-学员 (128 bible)（B2）; (后）128学员已进课室 （B3）; 周计划; 事业数据,
133 Class Bible (admin),133 Class Bible (admin),owned by AGA Tech Support,AGA TECH SUPPORT,wiki,https://zsggz2p1btda.sg.larksuite.com/wiki/WjIkwCMFMiR3mGkXVhqlVzqJgag,WqWSb39yAas7rVsKD6ulj7Twghb,readable,17,2026-01-13T14:47:00+08:00,2025-08-03T18:50:08+08:00,2026-03-19T12:50:51+08:00,"keyword_Class_Bible, owned_by_me",✅教练名单（中心）; ✅130教练-NEWBIBLE; ✅130学员-NEWBIBLE; 130学员-NEWBIBLE（data）; ✅130-WHOLE-MASTERLIST; ✅130-基础-MASTERLIST; ✅130-高一MASTERLIST; 📞海星名单-学员 (KLCP128); 📞海星名单-教练 (KLCP128)1; ✅课程报名; 💲海星名单-教练 (KLCP128); 💲海星名单-学员 (KLCP128); 高阶Backlog; 高阶下车; ✅130-高二MASTERLIST; ✅130高阶二挑战; 130高阶二挑战（data）,
129 Class Bible (admin),129 Class Bible (admin) ,owned by Dcode,Dcode Sdn Bhd,wiki,https://zsggz2p1btda.sg.larksuite.com/wiki/EbHtwkJQGicEdmkt99elXcrogRe,XTDqbN3u0auH1XsQnIZl6Uyxgkb,readable,17,2026-01-05T11:44:31+08:00,2025-07-17T16:56:29+08:00,2025-11-07T03:29:54+08:00,keyword_Class_Bible,✅教练名单（中心）; ✅✅129教练-NEWBIBLE; ✅课程报名; ✅✅129学员-NEWBIBLE; ✅✅129-WHOLE-MASTERLIST; 指引部门汇报Log; ✅129-基础-FINAL MASTERLIST; ✅129-高一FINAL MASTERLIST; 📞海星名单-学员 (KLCP128); 📞海星名单-教练 (KLCP128)1; 💲海星名单-教练 (KLCP128); 💲海星名单-学员 (KLCP128); ✅基础BackLog; ✅高阶下车; ✅高阶Backlog; ✅129-高二FINAL MASTERLIST; ✅129Emo报名,
Call Center,Call Center,owned by AGA Tech Support,AGA TECH SUPPORT,base,https://zsggz2p1btda.sg.larksuite.com/base/HKMfb23U2aXdVssjLXvlJMvlgMS,HKMfb23U2aXdVssjLXvlJMvlgMS,readable,12,2025-12-31T21:05:15+08:00,2025-03-28T03:21:36+08:00,2025-10-13T19:06:13+08:00,"keyword_Call_Center, owned_by_me",✅EMO FORM - 学员; ✅EMO FORM - 教练; ✅基础问卷; ✅高阶问卷; 海星名单-学员(KLCP120); 海星名单-教练(KLCP120); ✅128-教练-NEWBIBLE; ✅128-学员-NEWBIBLE; ✅129-教练-NEWBIBLE; ✅129-学员-NEWBIBLE; 海星名单-教练 (KLCP127); 海星名单-学员 (KLCP127),
130 Class Bible (admin dcode),130 Class Bible (admin dcode),owned by Dcode,Dcode Sdn Bhd,base,https://zsggz2p1btda.sg.larksuite.com/base/EWi7bxe9ha4O5osZrOClLlengig,EWi7bxe9ha4O5osZrOClLlengig,readable,17,2025-12-16T21:10:28+08:00,2025-11-04T13:21:39+08:00,1970-01-01T07:30:00+07:30,"keyword_Class_Bible, keyword_Dcode",✅教练名单（中心）; ✅✅130教练-NEWBIBLE; ✅课程报名; ✅✅130学员-NEWBIBLE; ✅✅130学员-MYCP Bible 报读; ✅✅130-WHOLE-MASTERLIST; ✅130-基础-FINAL MASTERLIST; ✅130-高一FINAL MASTERLIST; 📞海星名单-学员 (KLCP128); 📞海星名单-教练 (KLCP128)1; 💲海星名单-教练 (KLCP128); 💲海星名单-学员 (KLCP128); ✅基础BackLog; ✅高阶下车; ✅高阶Backlog; ✅131-高二FINAL MASTERLIST; ✅131Emo报名,
131 Class Bible (admin),131 Class Bible (admin),owned by AGA Tech Support,AGA TECH SUPPORT,wiki,https://zsggz2p1btda.sg.larksuite.com/wiki/EtSywpe2diT3PzkWmD1lljangRh,UgTkbfJHEaVitJs6jeKlJ7QkgFd,readable,18,2025-12-04T11:31:29+08:00,2025-08-03T18:48:33+08:00,2025-12-07T14:00:10+08:00,"keyword_Class_Bible, owned_by_me",✅教练名单（中心）; ✅130教练-NEWBIBLE; 130教练-NEWBIBLE（data）; ✅130学员-NEWBIBLE; 130学员-NEWBIBLE（data）; ✅130-WHOLE-MASTERLIST; ✅130-基础-MASTERLIST; ✅130-高一MASTERLIST; 📞海星名单-学员 (KLCP128); 📞海星名单-教练 (KLCP128)1; ✅课程报名; 💲海星名单-教练 (KLCP128); 💲海星名单-学员 (KLCP128); 高阶Backlog; 高阶下车; ✅130-高二MASTERLIST; ✅130高阶二挑战; 130高阶二挑战（data）,
130 Class Bible (admin),130 Class Bible (admin),owned by AGA Tech Support,AGA TECH SUPPORT,wiki,https://zsggz2p1btda.sg.larksuite.com/wiki/BctxwX0LLiPNxAk2D8Ylq5qJgUb,BeYUb8HSQaKmT7sNmTglecKAgPh,readable,18,2025-12-04T11:31:26+08:00,2025-07-17T16:48:04+08:00,2025-12-07T14:06:35+08:00,"keyword_Class_Bible, owned_by_me",✅教练名单（中心）; ✅130教练-NEWBIBLE; 130教练-NEWBIBLE（data）; ✅130学员-NEWBIBLE; 130学员-NEWBIBLE（data）; ✅130-WHOLE-MASTERLIST; ✅130-基础-MASTERLIST; ✅130-高一MASTERLIST; 📞海星名单-学员 (KLCP128); 📞海星名单-教练 (KLCP128)1; ✅课程报名; 💲海星名单-教练 (KLCP128); 💲海星名单-学员 (KLCP128); 高阶Backlog; 高阶下车; ✅130-高二MASTERLIST; ✅130高阶二挑战; 130高阶二挑战（data）,
132-DOE （教练）,132-DOE （教练）,owned by AGA Tech Support,AGA TECH SUPPORT,wiki,https://zsggz2p1btda.sg.larksuite.com/wiki/CVtKwdVpSiXQ0xk5bWhlbJFjgRe,BdlPbhegia5KeYs1V2tljo2JgWh,readable,18,2025-11-18T13:00:39+08:00,2025-08-03T18:58:56+08:00,2025-08-03T18:59:56+08:00,"keyword_DOE, owned_by_me",✅130教练名单; ✅132学员名单; 130_教练DOE挑战Summary （遴选）; 130_教练Form宣告; ✅132教练-EMOFORM; ✅132教练-NEWBIBLE; ✅132-教练-SUMMARY DOE; ✅132-教练- SUMMARY DOE Form; 现行教练学员录音; ✅132高一学员DOE挑战宣告; ✅132高一学员DOE挑战宣告 Form; ✅132高二工作坊DOE宣告（开班前）; ✅132-学员-SUMMARY DOE; ✅132-学员- SUMMARY DOE Form; ✅132-学员-EMO报名FORM; ✅132-学员-NEWBIBLE（学员海星名单-中心）; 高二挑战（NEW）; 132TZ事业,
129-DOE （教练）,129-DOE （教练）,owned by AGA Tech Support,AGA TECH SUPPORT,wiki,https://zsggz2p1btda.sg.larksuite.com/wiki/RwaPw8kXKis66hkO5l5ltsPdgRd,PL5ZbItJIa2WfosJKV5lyISVgdd,readable,21,2025-11-07T03:51:02+08:00,2025-07-10T11:12:46+08:00,2026-02-06T23:57:55+08:00,"keyword_DOE, owned_by_me",✅129教练名单; ✅129学员名单; 128-高二MASTERLIST （sample）; 🔥指引部门录音; 🔥01-教练Grade（Main); 🔥团队毕业证等级; ✅B001-129-教练-SUMMARY DOE; ✅B002-129-教练- SUMMARY DOE Form; ✅129高一学员DOE挑战宣告; ✅129高一学员DOE挑战宣告 Form; ✅129-学员-SUMMARY DOE（B001）; 129事业每周检测点; ✅129-学员- SUMMARY DOE Form（B002）; ✅129-学员-EMO 报名From - 学员 (B003.0); ✅B003.1(中）H.海星名单-学员 (129 bible).; ✅129高二工作坊DOE宣告（开班前）; 高二挑战（NEW）; 129TZ海星; 129TZ事业; 129感召金; 129感召金个人Summary,
129 Class Bible (admin dcode),129 Class Bible (admin dcode) ,owned by Dcode,Dcode Sdn Bhd,base,https://zsggz2p1btda.sg.larksuite.com/base/QG34bWiAFaF1VrsgpuzlZNYkgHc,QG34bWiAFaF1VrsgpuzlZNYkgHc,readable,17,2025-10-29T08:30:45+08:00,2025-10-29T08:29:22+08:00,1970-01-01T07:30:00+07:30,"keyword_Class_Bible, keyword_Dcode",✅教练名单（中心）; ✅✅129教练-NEWBIBLE; ✅课程报名; ✅✅129学员-NEWBIBLE; ✅✅129学员-MYCP Bible 报读; ✅✅129-WHOLE-MASTERLIST; ✅129-基础-FINAL MASTERLIST; ✅129-高一FINAL MASTERLIST; 📞海星名单-学员 (KLCP128); 📞海星名单-教练 (KLCP128)1; 💲海星名单-教练 (KLCP128); 💲海星名单-学员 (KLCP128); ✅基础BackLog; ✅高阶下车; ✅高阶Backlog; ✅129-高二FINAL MASTERLIST; ✅131Emo报名,
128 Class Bible (admin),128 Class Bible (admin),owned by AGA Tech Support,AGA TECH SUPPORT,base,https://zsggz2p1btda.sg.larksuite.com/base/IncMbXDTNagUmMsuRxGlfj3ugob,IncMbXDTNagUmMsuRxGlfj3ugob,readable,18,2025-10-18T09:33:22+08:00,2025-05-13T22:12:12+08:00,2025-09-08T17:29:46+08:00,"keyword_Class_Bible, owned_by_me",✅教练名单（中心）; ✅128教练-NEWBIBLE; 128教练-NEWBIBLE（data）; ✅128学员-NEWBIBLE; 128学员-NEWBIBLE（data）; ✅128-WHOLE-MASTERLIST; ✅128-基础-MASTERLIST; ✅128-高一MASTERLIST; 📞海星名单-学员 (KLCP128); 📞海星名单-教练 (KLCP128)1; 💲海星名单-教练 (KLCP128); 💲海星名单-学员 (KLCP128); ✅课程报名; 高阶Backlog; 高阶下车; ✅128-高二MASTERLIST; ✅128高阶二挑战; 128高阶二挑战（data）,
126 - 宣告和总结 （学员）,126 - 宣告和总结 （学员）,shared/other owner,Chi Shiong Tan,base,https://tf9hdlw5dgg.sg.larksuite.com/base/NezubbPfQaa7aYsC2rhlFi8sgVb,NezubbPfQaa7aYsC2rhlFi8sgVb,readable,7,2025-09-19T13:46:26+08:00,2025-04-05T13:21:32+08:00,2025-08-17T15:24:56+08:00,"keyword_DOE, keyword_Dcode",每日总结; 每日宣告; 学员基础资料; 学员基础资料-real; 11周总宣告; Table; 数据表,
128-DOE （教练）,128-DOE （教练）,owned by AGA Tech Support,AGA TECH SUPPORT,wiki,https://zsggz2p1btda.sg.larksuite.com/wiki/P4uTwiVOxippfpkrmMolxa7Eg1e,GNuXbeBMma4ipFsHh4ZlB33fgZd,readable,10,2025-09-16T23:57:59+08:00,2025-05-24T20:29:55+08:00,2025-09-03T18:37:30+08:00,"keyword_DOE, owned_by_me",128教练分数; 教练名单; .128 DOE Summary; 5in1-教练宣告+总结=书面总结; 教练周计划表; (前）127海星报名表; (中).127Bible_（海星名单）; (后）127学员已进课室; 数据表; 128感召金,
137-DOE （教练）,137-DOE （教练）,owned by AGA Tech Support,AGA TECH SUPPORT,wiki,https://zsggz2p1btda.sg.larksuite.com/wiki/YokUwljdXiDC8xkfL6xlmOJ7gFc,InDqbaK1ka1AS3sH6xulmor1g4d,readable,18,2025-08-17T14:59:18+08:00,2025-08-17T14:59:16+08:00,2025-09-03T15:52:55+08:00,"keyword_DOE, owned_by_me",✅130教练名单; ✅130学员名单; 130_教练DOE挑战Summary （遴选）; 130_教练Form宣告; ✅130教练-EMOFORM; ✅130教练-NEWBIBLE; ✅130-教练-SUMMARY DOE; ✅130-教练- SUMMARY DOE Form; 现行教练学员录音; ✅130高一学员DOE挑战宣告; ✅130高一学员DOE挑战宣告 Form; ✅130高二工作坊DOE宣告（开班前）; ✅130-学员-SUMMARY DOE; ✅130-学员- SUMMARY DOE Form; ✅130-学员-EMO报名FORM; ✅130-学员-NEWBIBLE（学员海星名单-中心）; 高二挑战（NEW）; 129TZ事业,
137 Class Bible (admin),137 Class Bible (admin),owned by AGA Tech Support,AGA TECH SUPPORT,wiki,https://zsggz2p1btda.sg.larksuite.com/wiki/VHZnwbJgaiaqOhk9QOtlzvemgIf,MFDzbfnRKavPvvsXpBcl7GJ9gG9,readable,20,2025-08-17T14:55:29+08:00,2025-08-17T14:55:27+08:00,2026-04-12T19:28:56+08:00,"keyword_Class_Bible, owned_by_me",✅教练名单（中心）; ✅129教练-NEWBIBLE; 129教练-NEWBIBLE (old); 129教练-NEWBIBLE（data）; ✅课程报名; ✅129学员-NEWBIBLE; 129学员-NEWBIBLE (old); 129学员-NEWBIBLE（data）; ✅129-WHOLE-MASTERLIST; ✅129-基础-MASTERLIST; ✅129-高一MASTERLIST; 📞海星名单-学员 (KLCP128); 📞海星名单-教练 (KLCP128)1; 💲海星名单-教练 (KLCP128); 💲海星名单-学员 (KLCP128); 高阶Backlog; 高阶下车; ✅129-高二MASTERLIST; ✅129Emo报名; 129高阶二挑战（data）,
136 Class Bible (admin),136 Class Bible (admin),owned by AGA Tech Support,AGA TECH SUPPORT,wiki,https://zsggz2p1btda.sg.larksuite.com/wiki/FWZlwKu8aipll1kQcn2lZ385gnd,Q7WrbpjYJaY6e9sZ5JVlCmxQgnc,readable,20,2025-08-17T14:54:27+08:00,2025-08-17T14:54:25+08:00,2025-08-17T14:55:14+08:00,"keyword_Class_Bible, owned_by_me",✅教练名单（中心）; ✅129教练-NEWBIBLE; 129教练-NEWBIBLE (old); 129教练-NEWBIBLE（data）; ✅课程报名; ✅129学员-NEWBIBLE; 129学员-NEWBIBLE (old); 129学员-NEWBIBLE（data）; ✅129-WHOLE-MASTERLIST; ✅129-基础-MASTERLIST; ✅129-高一MASTERLIST; 📞海星名单-学员 (KLCP128); 📞海星名单-教练 (KLCP128)1; 💲海星名单-教练 (KLCP128); 💲海星名单-学员 (KLCP128); 高阶Backlog; 高阶下车; ✅129-高二MASTERLIST; ✅129Emo报名; 129高阶二挑战（data）,
135 Class Bible (admin),135 Class Bible (admin),owned by AGA Tech Support,AGA TECH SUPPORT,wiki,https://zsggz2p1btda.sg.larksuite.com/wiki/HiQXwBzuciKM7Pk7OPFlqJjKgbf,KBvebnkwda8uTQs8oEEleKnngoh,readable,20,2025-08-17T14:53:44+08:00,2025-08-17T14:53:42+08:00,2025-08-17T14:54:13+08:00,"keyword_Class_Bible, owned_by_me",✅教练名单（中心）; ✅129教练-NEWBIBLE; 129教练-NEWBIBLE (old); 129教练-NEWBIBLE（data）; ✅课程报名; ✅129学员-NEWBIBLE; 129学员-NEWBIBLE (old); 129学员-NEWBIBLE（data）; ✅129-WHOLE-MASTERLIST; ✅129-基础-MASTERLIST; ✅129-高一MASTERLIST; 📞海星名单-学员 (KLCP128); 📞海星名单-教练 (KLCP128)1; 💲海星名单-教练 (KLCP128); 💲海星名单-学员 (KLCP128); 高阶Backlog; 高阶下车; ✅129-高二MASTERLIST; ✅129Emo报名; 129高阶二挑战（data）,
134 Class Bible (admin),134 Class Bible (admin),owned by AGA Tech Support,AGA TECH SUPPORT,wiki,https://zsggz2p1btda.sg.larksuite.com/wiki/Fu4jwrkUSiet3pkWBoel8jNagNg,ByYFbqD4KabRResKydil0LXYgpc,readable,20,2025-08-17T14:52:53+08:00,2025-08-17T14:52:51+08:00,2025-08-17T14:53:31+08:00,"keyword_Class_Bible, owned_by_me",✅教练名单（中心）; ✅129教练-NEWBIBLE; 129教练-NEWBIBLE (old); 129教练-NEWBIBLE（data）; ✅课程报名; ✅129学员-NEWBIBLE; 129学员-NEWBIBLE (old); 129学员-NEWBIBLE（data）; ✅129-WHOLE-MASTERLIST; ✅129-基础-MASTERLIST; ✅129-高一MASTERLIST; 📞海星名单-学员 (KLCP128); 📞海星名单-教练 (KLCP128)1; 💲海星名单-教练 (KLCP128); 💲海星名单-学员 (KLCP128); 高阶Backlog; 高阶下车; ✅129-高二MASTERLIST; ✅129Emo报名; 129高阶二挑战（data）,
129-DOE test,129-DOE test,owned by AGA Tech Support,AGA TECH SUPPORT,base,https://zsggz2p1btda.sg.larksuite.com/base/SG2nb7QeiaZvJxsKWygliaA6gLc,SG2nb7QeiaZvJxsKWygliaA6gLc,readable,11,2025-08-06T17:54:56+08:00,2025-08-06T17:51:00+08:00,2025-08-09T09:40:46+08:00,"keyword_DOE, owned_by_me",✅B001.1_129个人Summary DOE数据表（中心）; ✅B002.0_129每日DOE_事业&家庭&社服Form（修改数据）; ✅B003.0-(前）129海星报名表 (Original); ✅B003.1(中）H.海星名单-学员 (129 bible).; ✅129高二现行宣告; 129_高阶二现行宣告 (从教练数据拉进来）; 周计划; B004.0_每日宣告（早上）（需要修改）; B005.0_每日总结（晚上）（需要修改）; B006.0_129每周计划 （每周）; 数据表,
132 Class Bible (admin),132 Class Bible (admin),owned by AGA Tech Support,AGA TECH SUPPORT,wiki,https://zsggz2p1btda.sg.larksuite.com/wiki/TCoLwqIDWiM7uWk4pEIlujvygEc,UtbmbkCQXa4bfMsE5R5ltVTpgSb,readable,18,2025-08-03T18:49:22+08:00,2025-08-03T18:49:20+08:00,2025-08-03T18:50:46+08:00,"keyword_Class_Bible, owned_by_me",✅教练名单（中心）; ✅130教练-NEWBIBLE; 130教练-NEWBIBLE（data）; ✅130学员-NEWBIBLE; 130学员-NEWBIBLE（data）; ✅130-WHOLE-MASTERLIST; ✅130-基础-MASTERLIST; ✅130-高一MASTERLIST; 📞海星名单-学员 (KLCP128); 📞海星名单-教练 (KLCP128)1; ✅课程报名; 💲海星名单-教练 (KLCP128); 💲海星名单-学员 (KLCP128); 高阶Backlog; 高阶下车; ✅130-高二MASTERLIST; ✅130高阶二挑战; 130高阶二挑战（data）,
Finance,Finance,owned by AGA Tech Support,AGA TECH SUPPORT,base,https://zsggz2p1btda.sg.larksuite.com/base/LOEibcDpFa11wHs8M89ltA98gfc,LOEibcDpFa11wHs8M89ltA98gfc,readable,19,2025-07-24T20:55:38+08:00,2025-05-21T22:39:03+08:00,2025-08-17T15:43:37+08:00,"keyword_Call_Center, keyword_Class_Bible, keyword_Dcode, keyword_Finance, owned_by_me",124 海星名单-学员 (bible); 124 海星名单-教练 (bible); 124 高二挑战; 125 海星名单-学员 (bible); 125 海星名单-教练 (bible); 125 高二挑战; 126 海星名单-学员 (bible); 126 海星名单-教练 (bible); 126 高二挑战; 海星名单-教练 (KLCP128); 海星名单-学员 (KLCP128); 127 海星名单-学员 (bible); 127 海星名单-教练 (bible); 127 高二挑战; Payment record; 海星名单-学员 (KLCP129); 海星名单-教练 (KLCP129); 转海星报表; ✅课程报名,
准教练报名名单,准教练报名名单,owned by AGA Tech Support,AGA TECH SUPPORT,wiki,https://zsggz2p1btda.sg.larksuite.com/wiki/UXarwNpGci78Cik7Bv5l6I71g3b,TkK1bxDzqabe7Asbi6wlwnOWgFf,readable,3,2025-07-23T01:35:29+08:00,2025-07-22T15:01:15+08:00,2025-07-24T17:58:02+08:00,owned_by_me,✅教练名单（中心）; ✅129教练-NEWBIBLE; 129教练-NEWBIBLE（data）,
130-DOE （教练）old,130-DOE （教练）old,owned by AGA Tech Support,AGA TECH SUPPORT,wiki,https://zsggz2p1btda.sg.larksuite.com/wiki/Saw3wnJoliFlvXkXAeBlmMbegCd,BHcyb9DszaPaRnsgVdqlQViSg0b,readable,8,2025-07-17T16:54:31+08:00,2025-07-10T11:13:43+08:00,2025-07-26T19:30:12+08:00,"keyword_DOE, owned_by_me",D001-130教练DOE挑战 （遴选）; D004-130教练宣告总结; .130 DOE Summary; 5in1-教练宣告+总结=书面总结; 高一挑战宣告（需要调整期去128）; 高一调整报告; 每日宣告; 每日总结,
Invoice management,Invoice management,owned by AGA Tech Support,AGA TECH SUPPORT,base,https://zsggz2p1btda.sg.larksuite.com/base/DKR3b8zLka9C0xsBBLFlciYVgsg,DKR3b8zLka9C0xsBBLFlciYVgsg,readable,4,2025-07-17T01:04:38+08:00,2025-07-17T01:04:24+08:00,2025-07-17T01:05:19+08:00,owned_by_me,Invoice management; Invoice details; Product information; Customer information,
Receipt management,Receipt management,owned by AGA Tech Support,AGA TECH SUPPORT,base,https://zsggz2p1btda.sg.larksuite.com/base/BvxKbIooVa0M7WsnmhWl5nHYgmh,BvxKbIooVa0M7WsnmhWl5nHYgmh,readable,4,2025-07-17T00:48:11+08:00,2025-07-17T00:47:57+08:00,2025-07-17T00:49:18+08:00,owned_by_me,Receipt management; Receipt details; Product information; Customer information,
Receipt management,Receipt management,owned by AGA Tech Support,AGA TECH SUPPORT,base,https://zsggz2p1btda.sg.larksuite.com/base/Mfd4boeVYa0QJ8s652klslJmgOP,Mfd4boeVYa0QJ8s652klslJmgOP,readable,4,2025-07-17T00:42:37+08:00,2025-07-17T00:42:24+08:00,2025-07-17T00:43:24+08:00,owned_by_me,Receipt management; Receipt details; Product information; Customer information,
Class Bible - 129 (admin) old,Class Bible - 129 (admin) old,owned by AGA Tech Support,AGA TECH SUPPORT,wiki,https://zsggz2p1btda.sg.larksuite.com/wiki/HIjQwOya7ixviRk5fcJl40tRgGg,NA5bbB0AKa89fTsJfWilDw8AgFc,readable,15,2025-07-17T00:27:16+08:00,2025-06-24T14:37:31+08:00,2025-08-03T18:51:48+08:00,"keyword_Class_Bible, owned_by_me",教练名单; 📑海星名单-教练 (bible); 📑海星名单-教练 (KLCP129); BIBLE-129; BIBLE-129 神奇宝贝; 📑海星名单-学员 (bible); 📞海星名单-学员 (KLCP128); 📞海星名单-教练 (KLCP128)1; 高阶二现行宣告 （128学员）; 高二挑战（NEW）; 💲海星名单-教练 (KLCP128); 💲海星名单-学员 (KLCP128); 高阶Backlog; 高阶下车; 128高阶二挑战_CS&Happy&account,
126 - DOE挑战 （学员）,126 - DOE挑战 （学员）,shared/other owner,Chi Shiong Tan,base,https://tf9hdlw5dgg.sg.larksuite.com/base/MOZqbGi02aVuaNsjEsDl3DRmgJe,MOZqbGi02aVuaNsjEsDl3DRmgJe,readable,14,2025-06-24T22:47:08+08:00,2025-04-05T13:25:07+08:00,2025-07-16T17:55:24+08:00,keyword_DOE,6月17日-工作坊; 事业-每日报告; 家庭-新反应记录; 海星记录; 人际行动记录; 人际记录; 海星感召活动(sample); 社服体验报告; 心连心125协办总结; 成长心连心; 成长心连心 嘉宾; 成长心连心 义工; 中心宣告; Table,
Daily Sales Amount Summary,Daily Sales Amount Summary,shared/other owner,Assiter,base,https://www.sg.larksuite.com/base/EX19b0qgDaPRzIsbee6lpk30gHb,EX19b0qgDaPRzIsbee6lpk30gHb,readable,2,2025-06-19T21:24:26+08:00,2025-06-19T21:24:22+08:00,1970-01-01T07:30:00+07:30,keyword_Finance,Store Sales Info; Regional Sales Data,
Business Analysis (Dashboard),Business Analysis (Dashboard),shared/other owner,Assiter,base,https://www.sg.larksuite.com/base/KLGybysA1aI53EsP2HglAbfAgsg,KLGybysA1aI53EsP2HglAbfAgsg,readable,2,2025-06-19T21:22:37+08:00,2025-06-19T21:22:34+08:00,1970-01-01T07:30:00+07:30,keyword_Operation,Project Summary; Project Collection Record,
Class Bible - 129 (admin),Class Bible - 129 (admin),owned by AGA Tech Support,AGA TECH SUPPORT,base,https://zsggz2p1btda.sg.larksuite.com/base/PbsObD83Ra7jbgsFMDbl23ljgqf,PbsObD83Ra7jbgsFMDbl23ljgqf,readable,20,2025-06-11T08:35:35+08:00,2025-05-24T23:56:02+08:00,2025-05-27T20:35:34+08:00,"keyword_Call_Center, keyword_Class_Bible, keyword_Dcode, owned_by_me",教练名单; 海星名单-教练 (bible); 基础学员名单(开班前一天）; 高阶学员名单; 海星名单-学员 (bible); 海星名单-教练 (126 bible); 海星名单-学员 (126 bible); 海星名单-学员 (127 bible); 海星名单-教练 (127 bible); 海星名单-教练 (KLCP128); 海星名单-学员 (KLCP128); 海星名单-General; 海星名单-教练 (130 bible); 📞海星名单-教练 (KLCP129); 📞海星名单-学员 (KLCP129); 高阶二to四名单; 高二挑战; 💲海星名单-学员 (KLCP29); 💲海星名单-教练 (KLCP129); 基础学员名单,
Class Bible - 129 (admin),Class Bible - 129 (admin) ,owned by AGA Tech Support,AGA TECH SUPPORT,base,https://zsggz2p1btda.sg.larksuite.com/base/Rvv9beHUvaSbtosug98lK0vMgxf,Rvv9beHUvaSbtosug98lK0vMgxf,readable,17,2025-06-10T17:09:06+08:00,2025-05-30T17:54:08+08:00,2025-06-01T09:23:11+08:00,"keyword_Call_Center, keyword_Class_Bible, keyword_Dcode, keyword_Operation, owned_by_me",教练名单; 📑海星名单-教练 (bible); 📑海星名单-学员 (KLCP126); 📑海星名单-教练 (KLCP 126); 📑海星名单-学员 (KLCP 127); 📑海星名单-教练 (KLCP 127); 📑海星名单-教练 (KLCP 128); 📑海星名单-学员 (KLCP128); 基础学员名单; 高阶学员名单; 📑海星名单-学员 (bible); 高阶学员名单（100天）; 高二挑战（NEW）; 📞海星名单-教练 (KLCP129); 📞海星名单-学员 ( KLCP129); 高阶下车; 高阶backlog,
指引部门,指引部门,owned by AGA Tech Support,AGA TECH SUPPORT,base,https://zsggz2p1btda.sg.larksuite.com/base/MYRbbfD2oawhrysXIU2lQAo7gVe,MYRbbfD2oawhrysXIU2lQAo7gVe,readable,9,2025-06-02T22:47:05+08:00,2025-05-25T17:43:42+08:00,2025-06-05T18:48:49+08:00,owned_by_me,☎️指引电话报告; 指引负责人; 124 教练名单; 125 教练名单; 126 教练名单; 127 教练名单; 指引结果; 128 教练名单; 129 教练名单,
✅Class Bible - 127 (admin),✅Class Bible - 127 (admin) ,owned by AGA Tech Support,AGA TECH SUPPORT,base,https://zsggz2p1btda.sg.larksuite.com/base/Z83ObKLk1aJxKxsU0ZTlY2ukgTd,Z83ObKLk1aJxKxsU0ZTlY2ukgTd,readable,12,2025-06-01T08:59:07+08:00,2025-05-13T22:30:50+08:00,2025-08-20T15:50:53+08:00,"keyword_Call_Center, keyword_Class_Bible, keyword_Dcode, keyword_Finance, owned_by_me",教练名单; 海星名单-教练 (bible); 基础学员名单; 高阶一学员名单; 海星名单-学员 (bible); 海星名单-126 （126 Bible）; 海星名单-124 (124 bible); 海星名单-125 (125 bible); 海星名单-Others; 海星名单-学员 (KLCP127); 高二挑战; 高阶二 to 四学员名单,
129 - 宣告和总结 （学员),129 - 宣告和总结 （学员),owned by AGA Tech Support,AGA TECH SUPPORT,base,https://zsggz2p1btda.sg.larksuite.com/base/Oh4IbphpRaB1hpsZwOBl6BXNgCb,Oh4IbphpRaB1hpsZwOBl6BXNgCb,readable,5,2025-05-30T18:07:03+08:00,2025-05-30T18:05:51+08:00,2025-06-01T09:11:31+08:00,owned_by_me,每日总结; 每日宣告; 学员基础资料; 学员基础资料-real; 11周总宣告,
129 - DOE挑战 （学员),129 - DOE挑战 （学员),owned by AGA Tech Support,AGA TECH SUPPORT,base,https://zsggz2p1btda.sg.larksuite.com/base/EY08bLKGCay3Jys6a0Slc7Kogzj,EY08bLKGCay3Jys6a0Slc7Kogzj,readable,12,2025-05-30T18:06:38+08:00,2025-05-30T18:06:14+08:00,2025-05-31T17:52:51+08:00,"keyword_DOE, owned_by_me",事业-每日报告; 家庭-新反应记录; 海星记录; 人际行动记录; 人际记录; 海星感召活动(sample); 社服体验报告; 心连心125协办总结; 成长心连心; 成长心连心 嘉宾; 成长心连心 义工; 中心宣告,
Call Center 2.0,Call Center 2.0,owned by AGA Tech Support,AGA TECH SUPPORT,base,https://zsggz2p1btda.sg.larksuite.com/base/N03KbODU8aC3yvsFPyklsgc5gRe,N03KbODU8aC3yvsFPyklsgc5gRe,readable,8,2025-05-30T17:29:30+08:00,2025-05-27T18:58:28+08:00,2025-05-30T17:47:44+08:00,"keyword_Call_Center, keyword_Class_Bible, keyword_Dcode, keyword_Operation, owned_by_me",基础问卷; 海星名单-学员(KLCP120); 海星名单-教练(KLCP120); 海星名单-教练 (KLCP129); 海星名单-学员 (KLCP129); 📑海星名单-教练 (KLCP 128); 海星名单-教练 (KLCP127); 海星名单-学员 (KLCP127),
Class Bible - 128 (admin) Copy,Class Bible - 128 (admin) Copy,owned by AGA Tech Support,AGA TECH SUPPORT,base,https://zsggz2p1btda.sg.larksuite.com/base/G3dCbEiE2aVtkIswzvwliPQig1f,G3dCbEiE2aVtkIswzvwliPQig1f,readable,21,2025-05-30T17:23:29+08:00,2025-05-30T16:56:49+08:00,2025-05-30T17:24:41+08:00,"keyword_Backlog, keyword_Call_Center, keyword_Class_Bible, keyword_Dcode, keyword_Finance, keyword_Operation, owned_by_me",教练名单; 📑海星名单-教练 (bible); 基础学员名单; 高阶学员名单; 📑海星名单-学员 (bible); 海星名单-学员 (125 bible); 海星名单-教练 (125 bible); 海星名单-学员 (126 bible); 海星名单-教练 (126 bible); 海星名单-学员 (127 bible); 海星名单-教练 (127 bible); 海星名单-General; 海星名单-教练 (129 bible); 📞海星名单-教练 (KLCP128); 📞海星名单-教练 (KLCP128)1; 高阶学员名单（100天）; 高二挑战（NEW）; 💲海星名单-教练 (KLCP128); 💲海星名单-学员 (KLCP128); 高阶Backlog; 高阶下车,
Finance 2.0,Finance 2.0,owned by AGA Tech Support,AGA TECH SUPPORT,base,https://zsggz2p1btda.sg.larksuite.com/base/GVhYbqHdkakydCsvvQiluFATg7b,GVhYbqHdkakydCsvvQiluFATg7b,readable,18,2025-05-27T18:58:43+08:00,2025-05-27T18:58:41+08:00,2025-05-27T18:58:54+08:00,"keyword_Call_Center, keyword_Class_Bible, keyword_Dcode, keyword_Finance, owned_by_me",124 海星名单-学员 (bible); 124 海星名单-教练 (bible); 124 高二挑战; 125 海星名单-学员 (bible); 125 海星名单-教练 (bible); 125 高二挑战; 126 海星名单-学员 (bible); 126 海星名单-教练 (bible); 126 高二挑战; 海星名单-教练 (KLCP128); 海星名单-学员 (KLCP128); 127 海星名单-学员 (bible); 127 海星名单-教练 (bible); 127 高二挑战; Payment record; 海星名单-学员 (KLCP29); 海星名单-教练 (KLCP129); 转海星报表,
2.0 - Class Bible - 125 (admin),2.0 - Class Bible - 125 (admin),owned by AGA Tech Support,AGA TECH SUPPORT,base,https://zsggz2p1btda.sg.larksuite.com/base/AIPqb8TXfa4bXDscopMl4Heegjb,AIPqb8TXfa4bXDscopMl4Heegjb,readable,11,2025-05-27T18:53:52+08:00,2025-05-27T18:53:19+08:00,2025-05-27T19:01:02+08:00,"keyword_Call_Center, keyword_Class_Bible, keyword_Dcode, keyword_Finance, owned_by_me",教练名单; 海星名单-教练 (bible); 基础学员名单; 高阶学员名单; 海星名单-学员 (bible); 高二挑战; 海星名单-119 (119BIBLE); 海星名单-118 （118BIBLE）; 海星名单-117 （117BIBLE）; 海星名单-Others; 海星名单-学员(KLCP120),
1.0 - Class Bible - 125 (admin),1.0 - Class Bible - 125 (admin),owned by AGA Tech Support,AGA TECH SUPPORT,base,https://zsggz2p1btda.sg.larksuite.com/base/IRPVbYDQlanifpsfrBFlXvc3gAg,IRPVbYDQlanifpsfrBFlXvc3gAg,readable,11,2025-05-26T07:09:37+08:00,2025-05-13T22:31:47+08:00,2025-05-27T18:53:04+08:00,"keyword_Call_Center, keyword_Class_Bible, keyword_Dcode, keyword_Finance, owned_by_me",教练名单; 海星名单-教练 (bible); 基础学员名单; 高阶学员名单; 海星名单-学员 (bible); 高二挑战; 海星名单-119 (119BIBLE); 海星名单-118 （118BIBLE）; 海星名单-117 （117BIBLE）; 海星名单-Others; 海星名单-学员(KLCP120),
✅Class Bible - 126 (admin),✅Class Bible - 126 (admin),owned by AGA Tech Support,AGA TECH SUPPORT,base,https://zsggz2p1btda.sg.larksuite.com/base/JMAwbVYBWaBbVNspsxPlrYJLgJS,JMAwbVYBWaBbVNspsxPlrYJLgJS,readable,11,2025-05-25T13:35:20+08:00,2025-05-13T22:31:27+08:00,2025-07-16T22:27:59+08:00,"keyword_Call_Center, keyword_Class_Bible, keyword_Dcode, keyword_Finance, owned_by_me",教练名单; 海星名单-教练 (bible); 基础学员名单; 高阶学员名单; 海星名单-学员 (bible); 高二挑战; 海星名单-119 (119BIBLE); 海星名单-118 （118BIBLE）; 海星名单-117 （117BIBLE）; 海星名单-Others; 海星名单-学员(KLCP120),
General Bible,General Bible,owned by AGA Tech Support,AGA TECH SUPPORT,base,https://zsggz2p1btda.sg.larksuite.com/base/JVWBbgqnXalrXLsqN8flFrxpgXf,JVWBbgqnXalrXLsqN8flFrxpgXf,readable,1,2025-05-24T23:25:48+08:00,2025-05-24T23:25:39+08:00,2025-05-24T23:35:01+08:00,owned_by_me,Table,
✅ Class Bible - 124 (admin),✅ Class Bible - 124 (admin) ,owned by AGA Tech Support,AGA TECH SUPPORT,base,https://zsggz2p1btda.sg.larksuite.com/base/XreLbDtWTawQJHsoOmAl6PStgVg,XreLbDtWTawQJHsoOmAl6PStgVg,readable,11,2025-05-23T13:46:11+08:00,2025-05-13T22:32:24+08:00,2025-05-27T17:41:05+08:00,"keyword_Class_Bible, owned_by_me",教练名单; 海星名单-教练 (bible); 基础学员名单; 高阶学员名单; 高二挑战; 海星名单-学员 (bible); 海星名单-119 (119BIBLE); 海星名单-118 （118BIBLE）; 海星名单-117 （117BIBLE）; 海星名单-Others; 海星名单-学员(KLCP120),
128 Bible,128 Bible,owned by AGA Tech Support,AGA TECH SUPPORT,base,https://zsggz2p1btda.sg.larksuite.com/base/Q4zNbCTDvalFHSsFBM8lHT7sgdf,Q4zNbCTDvalFHSsFBM8lHT7sgdf,readable,9,2025-05-13T22:06:59+08:00,2025-05-13T00:14:14+08:00,2025-06-05T18:39:22+08:00,"keyword_Finance, owned_by_me",128教练Bible; 128学员Bible; 已消耗; 已进课室 (学员); 已进课室 (教练); Summary; 待处理退款; 已退款; 高阶二挑战,
JCP Bible (113+),JCP Bible (113+),owned by AGA Tech Support,AGA TECH SUPPORT,base,https://zsggz2p1btda.sg.larksuite.com/base/Qn96bgTeMatW94s3cNsl141Yg2e,Qn96bgTeMatW94s3cNsl141Yg2e,readable,9,2025-05-13T21:59:53+08:00,2025-05-13T21:59:53+08:00,1970-01-01T07:30:00+07:30,"keyword_Class_Bible, keyword_Dcode, keyword_Operation, owned_by_me",CS file - JCP Bible; JCP Bible; 已退款; 转去现行数据; 已转让; 已进课室; Summary; 已进课室JCP学员Bible; Online Summary,
复习基础Bible,复习基础Bible ,owned by AGA Tech Support,AGA TECH SUPPORT,base,https://zsggz2p1btda.sg.larksuite.com/base/Fg4XbXlW1a61N8sjGyol4Rnvgpc,Fg4XbXlW1a61N8sjGyol4Rnvgpc,readable,6,2025-05-13T21:59:35+08:00,2025-05-13T21:59:35+08:00,1970-01-01T07:30:00+07:30,owned_by_me,复习学员Bible; 已消耗; 已进课室 ; 待处理退款; 已退款; Summary,
Dcode Bible,Dcode Bible,owned by AGA Tech Support,AGA TECH SUPPORT,base,https://zsggz2p1btda.sg.larksuite.com/base/YGQobapWQa8uHdsW3dplkif3gPe,YGQobapWQa8uHdsW3dplkif3gPe,readable,8,2025-05-13T21:59:31+08:00,2025-05-13T21:59:31+08:00,1970-01-01T07:30:00+07:30,"keyword_Call_Center, keyword_Dcode, owned_by_me",Dcode Bible; Summary; 已消耗2; 已退款2; 已进课室; 已退款; 已消耗; Online Summary,
124 Bible,124 Bible,owned by AGA Tech Support,AGA TECH SUPPORT,base,https://zsggz2p1btda.sg.larksuite.com/base/Jab3bFcYmaln1tsnorNlhukcgYe,Jab3bFcYmaln1tsnorNlhukcgYe,readable,10,2025-05-13T21:59:27+08:00,2025-05-13T21:59:27+08:00,1970-01-01T07:30:00+07:30,owned_by_me,124教练Bible; 124学员Bible; 高阶二挑战; 已消耗; 已进课室 (学员); 已退款; 已进课室 (教练); Summary; 待处理退款; 指引电话部门结果,
Class Bible - 120 (admin),Class Bible - 120 (admin),owned by AGA Tech Support,AGA TECH SUPPORT,base,https://zsggz2p1btda.sg.larksuite.com/base/TAuDb8rwkaJ0uosfIzdlPWUKgec,TAuDb8rwkaJ0uosfIzdlPWUKgec,readable,11,2025-05-13T17:34:36+08:00,2025-03-26T14:25:40+08:00,2025-05-19T18:35:00+08:00,"keyword_Call_Center, keyword_Class_Bible, keyword_Dcode, keyword_Finance, owned_by_me",教练名单; 海星名单-教练 (bible); 基础学员名单; 高阶学员名单; 高二挑战; 海星名单-学员 (bible); 海星名单-119 (119BIBLE); 海星名单-118 （118BIBLE）; 海星名单-117 （117BIBLE）; 海星名单-Others; 海星名单-学员(KLCP120),
Student Main Database,Student Main Database,owned by AGA Tech Support,AGA TECH SUPPORT,base,https://zsggz2p1btda.sg.larksuite.com/base/MpR8bqHidaam2psKzaMlIvuzgvf,MpR8bqHidaam2psKzaMlIvuzgvf,readable,5,2025-05-13T17:20:36+08:00,2025-03-26T14:27:11+08:00,2025-05-13T22:29:51+08:00,owned_by_me,Main Student List; Main Coach List; KLCP118; KLCP119; KLCP120,
Finance Department,Finance Department,owned by AGA Tech Support,AGA TECH SUPPORT,base,https://zsggz2p1btda.sg.larksuite.com/base/J1DzbFrpZavfdVsJ30zlB91UgQb,J1DzbFrpZavfdVsJ30zlB91UgQb,readable,4,2025-05-13T16:45:35+08:00,2025-04-18T01:19:16+08:00,2025-06-01T09:24:14+08:00,"keyword_Dcode, keyword_Finance, owned_by_me",Whole Student Account List; Payment List; 海星名单-学员- KLCP120; 海星名单-教练,
Dcode Bible,Dcode Bible,owned by AGA Tech Support,AGA TECH SUPPORT,base,https://zsggz2p1btda.sg.larksuite.com/base/WXLcbkpqoatp8js6be0lnRzBgFV,WXLcbkpqoatp8js6be0lnRzBgFV,readable,8,2025-05-13T00:14:34+08:00,2025-05-13T00:14:34+08:00,1970-01-01T07:30:00+07:30,"keyword_Call_Center, keyword_Dcode, owned_by_me",Dcode Bible; Summary; 已消耗2; 已退款2; 已进课室; 已退款; 已消耗; Online Summary,
复习基础Bible,复习基础Bible ,owned by AGA Tech Support,AGA TECH SUPPORT,base,https://zsggz2p1btda.sg.larksuite.com/base/MW5tbAWFfagLaGsVGPFlxWsFgyh,MW5tbAWFfagLaGsVGPFlxWsFgyh,readable,6,2025-05-13T00:14:27+08:00,2025-05-13T00:14:27+08:00,1970-01-01T07:30:00+07:30,owned_by_me,复习学员Bible; 已消耗; 已进课室 ; 待处理退款; 已退款; Summary,
129 Bible,129 Bible,owned by AGA Tech Support,AGA TECH SUPPORT,base,https://zsggz2p1btda.sg.larksuite.com/base/Wqe5b0qR2ajhwbsJCWLlTBMWgPh,Wqe5b0qR2ajhwbsJCWLlTBMWgPh,readable,9,2025-05-13T00:14:21+08:00,2025-05-13T00:14:21+08:00,2025-05-29T15:42:56+08:00,owned_by_me,129教练Bible; 129学员Bible; 已消耗; 已进课室 (学员); 已进课室 (教练); Summary; 待处理退款; 已退款; 高阶二挑战,
127 Bible,127 Bible,owned by AGA Tech Support,AGA TECH SUPPORT,base,https://zsggz2p1btda.sg.larksuite.com/base/CXXCblUPWa9lzEs39mFlsoVRgWh,CXXCblUPWa9lzEs39mFlsoVRgWh,readable,9,2025-05-13T00:14:08+08:00,2025-05-13T00:14:08+08:00,2025-05-13T10:56:41+08:00,owned_by_me,127教练Bible; 127学员Bible; 已消耗; 已进课室 (学员); 已进课室 (教练); Summary; 待处理退款; 已退款; 高阶二挑战,
126 Bible,126 Bible,owned by AGA Tech Support,AGA TECH SUPPORT,base,https://zsggz2p1btda.sg.larksuite.com/base/S9pXbSpAyaYMJOsQRx5lQ4meg4e,S9pXbSpAyaYMJOsQRx5lQ4meg4e,readable,9,2025-05-13T00:14:03+08:00,2025-05-13T00:14:03+08:00,2025-05-13T10:56:14+08:00,owned_by_me,126教练Bible; 126学员Bible; 已消耗; 已进课室 (教练); 已进课室 (学员); 高阶二挑战; Summary; 已退款; 待处理退款,
125 Bible,125 Bible,owned by AGA Tech Support,AGA TECH SUPPORT,base,https://zsggz2p1btda.sg.larksuite.com/base/AyxibhQHGaDEbyszZl8lGANOgeg,AyxibhQHGaDEbyszZl8lGANOgeg,readable,9,2025-05-13T00:13:57+08:00,2025-05-13T00:13:57+08:00,2025-05-13T16:34:16+08:00,owned_by_me,125教练Bible; 125学员Bible; 已消耗; 高阶二挑战; Summary; 已进课室 (学员); 已进课室 (教练); 待处理退款; 已退款,
100 Bible 19_12_22,100 Bible 19_12_22,owned by AGA Tech Support,AGA TECH SUPPORT,base,https://zsggz2p1btda.sg.larksuite.com/base/M9QcbYWPzaWgDysEn7qlozcWgVe,M9QcbYWPzaWgDysEn7qlozcWgVe,readable,11,2025-05-12T23:40:28+08:00,2025-05-12T23:40:28+08:00,2025-05-13T00:11:58+08:00,"keyword_Dcode, keyword_Finance, keyword_Operation, owned_by_me",100学员Bible; 100教练Bible; 高阶二海星挑战; 已消耗; Sheet15; 已进课室; Summary; 已进课室-教练; MYCP; 已退款; Account use only,
指引部门,指引部门,owned by AGA Tech Support,AGA TECH SUPPORT,base,https://zsggz2p1btda.sg.larksuite.com/base/EIRabys1va8UE4ss5wVlBMn9gZg,EIRabys1va8UE4ss5wVlBMn9gZg,readable,3,2025-04-18T10:13:30+08:00,2025-04-18T07:18:54+08:00,1970-01-01T07:30:00+07:30,owned_by_me,教练名单; 指引部门; KLCP120,
✨直播间选品：AI 创作商品介绍 [AI],✨直播间选品：AI 创作商品介绍 [AI],shared/other owner,Assiter,base,https://www.sg.larksuite.com/base/GwelbVBiFaiCpxsI5dBlcrTjgdc,GwelbVBiFaiCpxsI5dBlcrTjgdc,readable,2,2023-09-06T21:22:52+08:00,2023-09-06T21:22:52+08:00,1970-01-01T07:30:00+07:30,keyword_Operation,📦选品清单; 🤝品牌入驻直播间,
✨Manufacturing Inspection System: AI Autofill Pass/Fail (Quality Assurance Test) [AI],✨Manufacturing Inspection System: AI Autofill Pass/Fail (Quality Assurance Test) [AI],shared/other owner,Assiter,base,https://www.sg.larksuite.com/base/Fg79bPWogag69isPycVleApggDh,Fg79bPWogag69isPycVleApggDh,readable,4,2023-09-06T21:21:48+08:00,2023-09-06T21:21:48+08:00,1970-01-01T07:30:00+07:30,keyword_Operation,🔎Auto Quality Evaluation; 🔎📐Standards; 🏭Auto Inspection System; 🏭Issue Handler Management,
✨Version Updates: Autofill Release Notes [AI],✨Version Updates: Autofill Release Notes [AI],shared/other owner,Assiter,base,https://www.sg.larksuite.com/base/X7zIbQAn9aeckisvLC8lEd10gqg,X7zIbQAn9aeckisvLC8lEd10gqg,readable,1,2023-08-15T20:49:59+08:00,2023-08-09T13:45:10+08:00,1970-01-01T07:30:00+07:30,keyword_Dcode,Feature update list,
✨产品版本管理：AI 智能填充发行说明 [AI],✨产品版本管理：AI 智能填充发行说明 [AI],shared/other owner,Assiter,base,https://www.sg.larksuite.com/base/IuaubyER3a892qs9rXmlc7Shgth,IuaubyER3a892qs9rXmlc7Shgth,readable,1,2023-08-15T20:34:10+08:00,2023-08-09T13:45:06+08:00,1970-01-01T07:30:00+07:30,keyword_Dcode,产品版本管理,
✨Sales Management System: AI Autofill Client Health Score [AI],✨Sales Management System: AI Autofill Client Health Score [AI],shared/other owner,Assiter,base,https://www.sg.larksuite.com/base/T8wqbQxc0a8bbdsr8ATlegMZgIM,T8wqbQxc0a8bbdsr8ATlegMZgIM,readable,4,2023-08-15T15:59:57+08:00,2023-08-15T15:59:57+08:00,1970-01-01T07:30:00+07:30,keyword_Finance,⭐️Client management; 💰Opportunity management; 📋Client visits; 👨‍💼Sales team management,
✨Sales Management System: AI Autofill Client Health Score [AI],✨Sales Management System: AI Autofill Client Health Score [AI],shared/other owner,Docs Assistant,base,https://www.sg.larksuite.com/base/YzeobrSINaJidZsM9Aguuq5Msib,YzeobrSINaJidZsM9Aguuq5Msib,readable,4,2023-08-10T20:44:58+08:00,2023-08-09T19:30:19+08:00,1970-01-01T07:30:00+07:30,keyword_Finance,⭐️Client management; 💰Opportunity management; 📋Client visits; 👨‍💼Sales team management,
✨Version Updates: AI Autofill Release Notes [AI],✨Version Updates: AI Autofill Release Notes [AI],shared/other owner,Docs Assistant,base,https://www.sg.larksuite.com/base/RdLRbYOlZaRhETsz1u5uMDKHstc,RdLRbYOlZaRhETsz1u5uMDKHstc,readable,1,2023-08-10T20:43:49+08:00,2023-08-08T15:13:39+08:00,1970-01-01T07:30:00+07:30,keyword_Dcode,Feature update list,
✨Manufacturing Inspection System: AI Autofill Pass/Fail (Quality Assurance Test) [AI],✨Manufacturing Inspection System: AI Autofill Pass/Fail (Quality Assurance Test) [AI],shared/other owner,Docs Assistant,base,https://www.sg.larksuite.com/base/RtScbSQAmaFkZhsM1dsuiEaqsmf,RtScbSQAmaFkZhsM1dsuiEaqsmf,readable,4,2023-08-10T20:40:36+08:00,2023-08-08T15:12:32+08:00,1970-01-01T07:30:00+07:30,keyword_Operation,🔎Auto Quality Evaluation; 🔎📐Standards; 🏭Auto Inspection System; 🏭Issue Handler Management,
✨直播间选品：AI 创作商品介绍 [AI],✨直播间选品：AI 创作商品介绍 [AI],shared/other owner,Docs Assistant,base,https://www.sg.larksuite.com/base/Df6bb0yuZaglpqsOevZu14btsXf,Df6bb0yuZaglpqsOevZu14btsXf,readable,2,2023-08-10T16:09:43+08:00,2023-08-09T18:17:18+08:00,1970-01-01T07:30:00+07:30,keyword_Operation,📦选品清单; 🤝品牌入驻直播间,
✨产品版本管理：AI 撰写功能发行说明 [AI],✨产品版本管理：AI 撰写功能发行说明 [AI],shared/other owner,Docs Assistant,base,https://www.sg.larksuite.com/base/IuY3b8T9SakHlWs7OVtu2ul6soc,IuY3b8T9SakHlWs7OVtu2ul6soc,readable,1,2023-08-10T16:07:24+08:00,2023-08-08T15:13:39+08:00,1970-01-01T07:30:00+07:30,keyword_Dcode,产品版本管理,
Store Inventory & Revenue Tracking,Store Inventory & Revenue Tracking,shared/other owner,Assiter,base,https://www.sg.larksuite.com/base/V1bLbeDMma1cOKs4UDYletJZgJg,V1bLbeDMma1cOKs4UDYletJZgJg,readable,8,2023-04-10T11:17:20+08:00,2023-04-10T11:17:20+08:00,1970-01-01T07:30:00+07:30,keyword_Dcode,Daily Revenue Report; Inventory Management; Store Employee; Store List; Product Details; Product in Fulfillment; Fulfillment Center; Fulfillment Change Management,
New Property Preparation,New Property Preparation,shared/other owner,Assiter,base,https://www.sg.larksuite.com/base/OW8nbgLYuaTPyfs1b2ilmSXWgab,OW8nbgLYuaTPyfs1b2ilmSXWgab,readable,3,2023-04-10T11:17:11+08:00,2023-04-10T11:17:11+08:00,1970-01-01T07:30:00+07:30,keyword_Dcode,Project team; Milestones; Tasks,
Store Inventory & Revenue Tracking,Store Inventory & Revenue Tracking,shared/other owner,Docs Assistant,base,https://www.sg.larksuite.com/base/Mm3yb7rY3aNVJCsNCPMuOlVYsBe,Mm3yb7rY3aNVJCsNCPMuOlVYsBe,readable,8,2023-03-24T17:06:47+08:00,2023-03-24T17:06:47+08:00,1970-01-01T07:30:00+07:30,keyword_Dcode,Daily Revenue Report; Inventory Management; Store Employee; Store List; Product Details; Product in Fulfillment; Fulfillment Center; Fulfillment Change Management,
New Property Preparation,New Property Preparation,shared/other owner,Docs Assistant,base,https://www.sg.larksuite.com/base/LSgfboAQYa7jzcsP7nrueNmDsVb,LSgfboAQYa7jzcsP7nrueNmDsVb,readable,3,2023-03-24T14:49:03+08:00,2023-03-24T14:49:03+08:00,1970-01-01T07:30:00+07:30,keyword_Dcode,Project team; Milestones; Tasks,
Real Estate Project Management,Real Estate Project Management,shared/other owner,Assiter,base,https://www.sg.larksuite.com/base/baslgTpIhxNVgAHJwTg2t2Apeje,baslgTpIhxNVgAHJwTg2t2Apeje,readable,6,2023-03-23T14:31:09+08:00,2023-03-23T14:31:09+08:00,1970-01-01T07:30:00+07:30,"keyword_Finance, keyword_Operation",✅ Level-1 nodes; 📝 Level-1 node progress reports; ✅ Level-2 nodes; 📝 Level-2 node progress reports; ✅ Level-3 nodes; 📝 Level-3 node progress reports,
Online Order Fulfilment & Inventory Management,Online Order Fulfilment & Inventory Management,shared/other owner,Assiter,base,https://www.sg.larksuite.com/base/baslgXO2zpnzBzMNOgwphhFv7xb,baslgXO2zpnzBzMNOgwphhFv7xb,readable,7,2023-03-23T14:30:39+08:00,2023-03-23T14:30:39+08:00,1970-01-01T07:30:00+07:30,"keyword_DOE, keyword_Portal",Operations | Orders; Operations | Shipment Issues; Operations | Refunds; Operations | Reviews; Product Inventory; Supplier; Operations | Customer Service,
Real Estate Project Management,Real Estate Project Management,shared/other owner,Docs Assistant,base,https://www.sg.larksuite.com/base/TAxdbs3XharYzYsdtGIuhqlZsdg,TAxdbs3XharYzYsdtGIuhqlZsdg,readable,6,2023-03-16T19:00:05+08:00,2023-03-16T19:00:05+08:00,1970-01-01T07:30:00+07:30,"keyword_Finance, keyword_Operation",✅ Level-1 nodes; 📝 Level-1 node progress reports; ✅ Level-2 nodes; 📝 Level-2 node progress reports; ✅ Level-3 nodes; 📝 Level-3 node progress reports,
Online Order Fulfilment & Inventory Management,Online Order Fulfilment & Inventory Management,shared/other owner,Docs Assistant,base,https://www.sg.larksuite.com/base/UMf8bgJGtaM2uhsTNilu3TOrswc,UMf8bgJGtaM2uhsTNilu3TOrswc,readable,7,2023-03-16T18:59:36+08:00,2023-03-16T18:59:36+08:00,1970-01-01T07:30:00+07:30,"keyword_DOE, keyword_Portal",Operations | Orders; Operations | Shipment Issues; Operations | Refunds; Operations | Reviews; Product Inventory; Supplier; Operations | Customer Service,
🎉  New Year Objectives for 2022,🎉  New Year Objectives for 2022,shared/other owner,Assiter,base,https://www.sg.larksuite.com/base/baslgU2FPMWmk2zqMbBgmX6nk6e,baslgU2FPMWmk2zqMbBgmX6nk6e,readable,3,2022-10-25T13:08:49+08:00,2022-09-30T11:11:00+08:00,1970-01-01T07:30:00+07:30,keyword_Finance,User Guide; ⛳️  New Year Objectives for 2022; Detailed Tasks,
Personal Reading Record,Personal Reading Record,shared/other owner,Assiter,base,https://www.sg.larksuite.com/base/baslghNQJgX6cj4PTaU6Gwegavd,baslghNQJgX6cj4PTaU6Gwegavd,readable,2,2022-09-30T11:11:34+08:00,2022-09-30T11:11:34+08:00,1970-01-01T07:30:00+07:30,keyword_Finance,Reading Records; Book Lists,
OKR Task Subdivision and Progress Control,OKR Task Subdivision and Progress Control,shared/other owner,Assiter,base,https://www.sg.larksuite.com/base/baslg4rRSMzP92SzOV6bpGfZLMb,baslg4rRSMzP92SzOV6bpGfZLMb,readable,3,2022-09-30T11:11:19+08:00,2022-09-30T11:11:19+08:00,1970-01-01T07:30:00+07:30,keyword_Operation,💡 Template Instructions; OKR Task Subdivision; Team OKR,
Order Management (With Inventory Management),Order Management (With Inventory Management) ,shared/other owner,Assiter,base,https://www.sg.larksuite.com/base/baslgKYudDrh44uvL0eMvri4tif,baslgKYudDrh44uvL0eMvri4tif,readable,3,2022-09-30T11:10:55+08:00,2022-09-30T11:10:55+08:00,1970-01-01T07:30:00+07:30,keyword_DOE,Order Management; Inventory Management; Sales,
"E-commerce After-sales Management (Resending, Refund, Medium and Negative Comments Processing )","E-commerce After-sales Management (Resending, Refund, Medium and Negative Comments Processing )",shared/other owner,Assiter,base,https://www.sg.larksuite.com/base/baslg0DnAYdEkz7XN1bxCc9Q2ve,baslg0DnAYdEkz7XN1bxCc9Q2ve,readable,3,2022-09-30T11:10:50+08:00,2022-09-30T11:10:50+08:00,1970-01-01T07:30:00+07:30,keyword_DOE,Customer Service - Resending Processing Overview; Refund Progress Overview; Medium and Negative Comments Processing Progress Overview,
Fixed Assets Management,Fixed Assets Management,shared/other owner,Assiter,base,https://www.sg.larksuite.com/base/baslg6KcyMrlGvc0uFYFEifsYEb,baslg6KcyMrlGvc0uFYFEifsYEb,readable,5,2022-09-30T11:10:40+08:00,2022-09-30T11:10:40+08:00,1970-01-01T07:30:00+07:30,"keyword_Finance, keyword_Operation",Fixed Asset List; Fixed Asset Details; Asset Purchase List; Asset Checklist; Asset Application List,
🎉  New Year Objectives for 2022,🎉  New Year Objectives for 2022,shared/other owner,Docs Assistant,base,https://www.sg.larksuite.com/base/basusCNaNwkFEcrkVj1dB88aRW9,basusCNaNwkFEcrkVj1dB88aRW9,readable,3,2022-09-08T12:38:26+08:00,2022-09-05T23:02:10+08:00,1970-01-01T07:30:00+07:30,keyword_Finance,User Guide; ⛳️  New Year Objectives for 2022; Detailed Tasks,
Personal Reading Record,Personal Reading Record,shared/other owner,Docs Assistant,base,https://www.sg.larksuite.com/base/basusW7pQepQLkdQPzTnVc1KmUb,basusW7pQepQLkdQPzTnVc1KmUb,readable,2,2022-09-05T23:05:57+08:00,2022-09-05T23:05:57+08:00,1970-01-01T07:30:00+07:30,keyword_Finance,Reading Records; Book Lists,
OKR Task Subdivision and Progress Control,OKR Task Subdivision and Progress Control,shared/other owner,Docs Assistant,base,https://www.sg.larksuite.com/base/basuswVHhGazw6ZPzHbRfJm1UGc,basuswVHhGazw6ZPzHbRfJm1UGc,readable,3,2022-09-05T23:04:25+08:00,2022-09-05T23:04:25+08:00,1970-01-01T07:30:00+07:30,keyword_Operation,💡 Template Instructions; OKR Task Subdivision; Team OKR,
Order Management (With Inventory Management),Order Management (With Inventory Management) ,shared/other owner,Docs Assistant,base,https://www.sg.larksuite.com/base/basusMkRevvv2Hg8ah5frNXkHWf,basusMkRevvv2Hg8ah5frNXkHWf,readable,3,2022-09-05T23:01:28+08:00,2022-09-05T23:01:28+08:00,1970-01-01T07:30:00+07:30,keyword_DOE,Order Management; Inventory Management; Sales,
"E-commerce After-sales Management (Resending, Refund, Medium and Negative Comments Processing )","E-commerce After-sales Management (Resending, Refund, Medium and Negative Comments Processing )",shared/other owner,Docs Assistant,base,https://www.sg.larksuite.com/base/basusCPDv36dJEscRGKgcArRHWb,basusCPDv36dJEscRGKgcArRHWb,readable,3,2022-09-05T23:00:33+08:00,2022-09-05T23:00:33+08:00,1970-01-01T07:30:00+07:30,keyword_DOE,Customer Service - Resending Processing Overview; Refund Progress Overview; Medium and Negative Comments Processing Progress Overview,
Fixed Assets Management,Fixed Assets Management,shared/other owner,Docs Assistant,base,https://www.sg.larksuite.com/base/basusFT4wsauWLKLeW5ZnI55oKc,basusFT4wsauWLKLeW5ZnI55oKc,readable,5,2022-09-05T22:59:00+08:00,2022-09-05T22:59:00+08:00,1970-01-01T07:30:00+07:30,"keyword_Finance, keyword_Operation",Fixed Asset List; Fixed Asset Details; Asset Purchase List; Asset Checklist; Asset Application List,
Event planning,Event planning,shared/other owner,Assiter,base,https://www.sg.larksuite.com/base/baslghym2iMGCSVR85SOvwWonZf,baslghym2iMGCSVR85SOvwWonZf,readable,2,2022-03-10T00:59:19+08:00,2022-03-10T00:59:19+08:00,1970-01-01T07:30:00+07:30,keyword_Finance,Event tasks; Event tasks list,
Employee information,Employee information,shared/other owner,Assiter,base,https://www.sg.larksuite.com/base/baslgy19pwltUPIKBadULLAXRth,baslgy19pwltUPIKBadULLAXRth,readable,1,2022-03-10T00:58:59+08:00,2022-03-10T00:58:59+08:00,1970-01-01T07:30:00+07:30,keyword_Finance,Employee information,
Course schedule,Course schedule,shared/other owner,Assiter,base,https://www.sg.larksuite.com/base/baslgiSY3I965eUJEwJ6LttxdjY,baslgiSY3I965eUJEwJ6LttxdjY,readable,2,2022-03-10T00:53:42+08:00,2022-03-10T00:53:42+08:00,1970-01-01T07:30:00+07:30,keyword_Dcode,Class information; Course schedule,
Client successes,Client successes,shared/other owner,Assiter,base,https://www.sg.larksuite.com/base/baslgqm3tw15ZjURCJfgscEFOyf,baslgqm3tw15ZjURCJfgscEFOyf,readable,1,2022-03-10T00:51:56+08:00,2022-03-10T00:51:56+08:00,1970-01-01T07:30:00+07:30,keyword_Finance,Applicable scenario,
Course schedule,Course schedule,shared/other owner,Docs Assistant,base,https://www.sg.larksuite.com/base/basusq87YdBBMFjLaOU1pwBhHqh,basusq87YdBBMFjLaOU1pwBhHqh,readable,2,2021-12-17T15:33:36+08:00,2021-05-13T19:16:26+08:00,1970-01-01T07:30:00+07:30,keyword_Dcode,Class information; Course schedule,
Employee information,Employee information,shared/other owner,Docs Assistant,base,https://www.sg.larksuite.com/base/basusmdhAOrODEgOD1Fnp3poT5e,basusmdhAOrODEgOD1Fnp3poT5e,readable,1,2021-12-15T09:55:15+08:00,2021-05-13T19:16:27+08:00,1970-01-01T07:30:00+07:30,keyword_Finance,Employee information,
Client successes,Client successes,shared/other owner,Docs Assistant,base,https://www.sg.larksuite.com/base/basusnxpEZf2jmDjw59lHA8ZHbc,basusnxpEZf2jmDjw59lHA8ZHbc,readable,1,2021-12-14T03:53:31+08:00,2021-05-13T19:16:24+08:00,1970-01-01T07:30:00+07:30,keyword_Finance,Applicable scenario,
Event planning,Event planning,shared/other owner,Docs Assistant,base,https://www.sg.larksuite.com/base/basusi1Q0S9SJ3DXg6t9a4NIic0,basusi1Q0S9SJ3DXg6t9a4NIic0,readable,2,2021-12-13T17:26:15+08:00,2021-05-13T19:16:28+08:00,1970-01-01T07:30:00+07:30,keyword_Finance,Event tasks; Event tasks list,
